Name;ProfilbildPfad
@KEY;C:\Users\Ade19\Documents\WWE2K\Profilbilder\Active\Dragon Gate\@KEY '26.png
1 Called Manders;C:\Users\Ade19\Documents\WWE2K\Profilbilder\Active\INDY\1 Called Manders '25.png
Aalyah Mysterio;C:\Users\Ade19\Documents\WWE2K\Profilbilder\Active\INDY\Aalyah Mysterio '24.png
Aaron Rourke;C:\Users\Ade19\Documents\WWE2K\Profilbilder\Active\WWE\EVOLVE\Aaron Rourke '26.png
Aaron Solo;C:\Users\Ade19\Documents\WWE2K\Profilbilder\Active\AEW\Dynamite\Aaron Solo '25.png
Aaron Wolf;C:\Users\Ade19\Documents\WWE2K\Profilbilder\Active\NJPW\Aaron Wolf '26.png
Abadon;C:\Users\Ade19\Documents\WWE2K\Profilbilder\Active\INDY\Abadon '24.png
Abismo Negro Jr.;C:\Users\Ade19\Documents\WWE2K\Profilbilder\Active\WWE\AAA\Abismo Negro Jr. '25.png
Abyss '13;C:\Users\Ade19\Documents\WWE2K\Profilbilder\Archiv\2013\Abyss '13.png
Ace Austin;C:\Users\Ade19\Documents\WWE2K\Profilbilder\Active\AEW\Dynamite\Ace Austin '26.png
Ace Steel;C:\Users\Ade19\Documents\WWE2K\Profilbilder\Active\TNA\Ace Steel '25.png
Action Andretti;C:\Users\Ade19\Documents\WWE2K\Profilbilder\Active\AEW\Dynamite\Action Andretti '25.png
Adam Bomb '94;C:\Users\Ade19\Documents\WWE2K\Profilbilder\Archiv\1994\Adam Bomb '94.png
Adam Cole;C:\Users\Ade19\Documents\WWE2K\Profilbilder\Active\AEW\Dynamite\Adam Cole '25.png
Adam Copeland;C:\Users\Ade19\Documents\WWE2K\Profilbilder\Active\AEW\Dynamite\Adam Copeland '24.png
Adam Pearce;C:\Users\Ade19\Documents\WWE2K\Profilbilder\Active\WWE\RAW\Adam Pearce '24.png
Adam Priest;C:\Users\Ade19\Documents\WWE2K\Profilbilder\Archiv\2025\Adam Priest '25.png
Adam Revolver;C:\Users\Ade19\Documents\WWE2K\Profilbilder\Active\OVW\Adam Revolver 25.png
Adelicious;C:\Users\Ade19\Documents\WWE2K\Profilbilder\Active\WWE\AAA\Adelicious '25.png
Adriana Rizzo;C:\Users\Ade19\Documents\WWE2K\Profilbilder\Active\WWE\NXT\Adrianna Rizzo '25.png
Aero Panther;C:\Users\Ade19\Documents\WWE2K\Profilbilder\Active\INDY\Aero Panther '25.png
Aero Star;C:\Users\Ade19\Documents\WWE2K\Profilbilder\Active\WWE\AAA\Aero Star '25.png
Afa '85;C:\Users\Ade19\Documents\WWE2K\Profilbilder\Archiv\1985\Afa '85.png
Ahmed Essam;C:\Users\Ade19\Documents\WWE2K\Profilbilder\Active\WWE\ID\Ahmed Essam '26.png
Ahura;C:\Users\Ade19\Documents\WWE2K\Profilbilder\Active\INDY\Ahura '25.png
Aizawa NO. 1;C:\Users\Ade19\Documents\WWE2K\Profilbilder\Active\INDY\Aizawa number one '26.png
AJ Cazana;C:\Users\Ade19\Documents\WWE2K\Profilbilder\Active\NWA\AJ Cazana '26.png
AJ Francis;C:\Users\Ade19\Documents\WWE2K\Profilbilder\Active\TNA\AJ Francis '25.png
AJ Lee;C:\Users\Ade19\Documents\WWE2K\Profilbilder\Active\WWE\RAW\AJ Lee '25.png
AJ Styles;C:\Users\Ade19\Documents\WWE2K\Profilbilder\Archiv\2025\AJ Styles '25.png
Akira Kurogane;C:\Users\Ade19\Documents\WWE2K\Profilbilder\Active\STARDOM\Akira Kurogane '25.png
Akira Tozawa;C:\Users\Ade19\Documents\WWE2K\Profilbilder\Active\WWE\RAW\Akira Tozawa '24.png
Akuma;C:\Users\Ade19\Documents\WWE2K\Profilbilder\Active\CMLL\Akuma '25.png
Al Snow '97;C:\Users\Ade19\Documents\WWE2K\Profilbilder\Archiv\1997\Al Snow '97.png
Alan Angels;C:\Users\Ade19\Documents\WWE2K\Profilbilder\Active\MLW\Alan Angels '25.png
Alba Fyre;C:\Users\Ade19\Documents\WWE2K\Profilbilder\Active\INDY\Alba Fyre '25.png
Albert '00;C:\Users\Ade19\Documents\WWE2K\Profilbilder\Archiv\2000\Albert '00.png
Alberto El Patron;C:\Users\Ade19\Documents\WWE2K\Profilbilder\Active\INDY\Alberto El Patron '25.png
Aleah James;C:\Users\Ade19\Documents\WWE2K\Profilbilder\Active\INDY\Aleah James '26.png
Alec Price;C:\Users\Ade19\Documents\WWE2K\Profilbilder\Active\AEW\Dynamite\Alec Price '25.png
Aleister Black;C:\Users\Ade19\Documents\WWE2K\Profilbilder\Active\INDY\Aleister Black '25.png
Alejandra Quintanilla;C:\Users\Ade19\Documents\WWE2K\Profilbilder\Active\MLW\Alejandra Quintanilla '25.png
Alejandro;C:\Users\Ade19\Documents\WWE2K\Profilbilder\Active\NOAH\Alejandro '26.png
Alex Hammerstone;C:\Users\Ade19\Documents\WWE2K\Profilbilder\Active\MLW\Alex Hammerstone '24.png
Alex Misery;C:\Users\Ade19\Documents\WWE2K\Profilbilder\Active\NWA\Alex Misery '26.png
Alex Reynolds;C:\Users\Ade19\Documents\WWE2K\Profilbilder\Active\AEW\Dynamite\Alex Reynolds '25.png
Alex Shelley;C:\Users\Ade19\Documents\WWE2K\Profilbilder\Active\INDY\Alex Shelley '24.png
Alex Taylor;C:\Users\Ade19\Documents\WWE2K\Profilbilder\Active\NWA\Alex Taylor '26.png
Alex Windsor;C:\Users\Ade19\Documents\WWE2K\Profilbilder\Active\AEW\Dynamite\Alex Windsor '25.png
Alex Zayne;C:\Users\Ade19\Documents\WWE2K\Profilbilder\Active\NJPW\Alex Zayne '23.png
Alexa Bliss;C:\Users\Ade19\Documents\WWE2K\Profilbilder\Active\WWE\Smackdown\Alexa Bliss '26.png
Alexis Littlefoot;C:\Users\Ade19\Documents\WWE2K\Profilbilder\Active\INDY\Alexis Littlefoot '25.png
Alexxis Falcon;C:\Users\Ade19\Documents\WWE2K\Profilbilder\Active\INDY\Alexxis Falcon '25.png
Alisha Edwards;C:\Users\Ade19\Documents\WWE2K\Profilbilder\Active\TNA\Alisha Edwards '25.png
Aliss Ink;C:\Users\Ade19\Documents\WWE2K\Profilbilder\Active\INDY\Aliss Ink '25.png
Allie;C:\Users\Ade19\Documents\WWE2K\Profilbilder\Active\TNA\Allie '26.png
Allie Katch;C:\Users\Ade19\Documents\WWE2K\Profilbilder\Active\INDY\Allie Katch '26.png
Allysin Kay;C:\Users\Ade19\Documents\WWE2K\Profilbilder\Active\NWA\Allysin Kay '24.png
Alpha Wolf;C:\Users\Ade19\Documents\WWE2K\Profilbilder\Active\NOAH\Alpha Wolf '25.png
Alundra Blayze;C:\Users\Ade19\Documents\WWE2K\Profilbilder\Archiv\2021\Alundra Blayze '21.png
Alyssa Daniele;C:\Users\Ade19\Documents\WWE2K\Profilbilder\Active\WWE\ID\Alyssa Daniele '26.png
AMAKUSA;C:\Users\Ade19\Documents\WWE2K\Profilbilder\Active\NOAH\AMAKUSA '25.png
Amapola;C:\Users\Ade19\Documents\WWE2K\Profilbilder\Active\CMLL\Amapola '25.png
Ami Sourei;C:\Users\Ade19\Documents\WWE2K\Profilbilder\Active\STARDOM\Ami Sourei '26.png
Aminah Belmont;C:\Users\Ade19\Documents\WWE2K\Profilbilder\Active\INDY\Aminah Belmont '26.png
Andrade El Idolo;C:\Users\Ade19\Documents\WWE2K\Profilbilder\Active\AEW\Dynamite\Andrade '26.png
Andre Chase;C:\Users\Ade19\Documents\WWE2K\Profilbilder\Active\INDY\Andre Chase '25.png
André the Giant '87;C:\Users\Ade19\Documents\WWE2K\Profilbilder\Archiv\1987\André the Giant '87.png
Andrew Cass;C:\Users\Ade19\Documents\WWE2K\Profilbilder\Active\INDY\Andrew Cass '25.png
Andy Panda Jr.;C:\Users\Ade19\Documents\WWE2K\Profilbilder\Active\WWE\AAA\Andy Panda Jr. '23.png
Angel;C:\Users\Ade19\Documents\WWE2K\Profilbilder\Active\WWE\Smackdown\Angel '25.png
Ángel de Oro;C:\Users\Ade19\Documents\WWE2K\Profilbilder\Active\CMLL\Ángel de Oro '25.png
Angel Hayze;C:\Users\Ade19\Documents\WWE2K\Profilbilder\Active\INDY\Angel Hayze '25.png
Angel Reyes;C:\Users\Ade19\Documents\WWE2K\Profilbilder\Active\NOAH\Angel Reyes '26.png
Angelico;C:\Users\Ade19\Documents\WWE2K\Profilbilder\Active\AEW\ROH\Angelico '25.png
Angelo Dawkins;C:\Users\Ade19\Documents\WWE2K\Profilbilder\Active\WWE\Smackdown\Angelo Dawkins '24.png
Angelo Parker;C:\Users\Ade19\Documents\WWE2K\Profilbilder\Active\AEW\Dynamite\Angelo Parker '25.png
Animal '92;C:\Users\Ade19\Documents\WWE2K\Profilbilder\Archiv\1989\Animal '89.png
Anita Vaughan;C:\Users\Ade19\Documents\WWE2K\Profilbilder\Active\INDY\Anita Vaughan '26.png
Anna Jay;C:\Users\Ade19\Documents\WWE2K\Profilbilder\Active\AEW\Dynamite\Anna Jay '25.png
Anne Kanaya;C:\Users\Ade19\Documents\WWE2K\Profilbilder\Active\STARDOM\Anne Kanaya '26.png
Anthony Bowens;C:\Users\Ade19\Documents\WWE2K\Profilbilder\Active\AEW\Dynamite\Anthony Bowens '25.png
Anthony Henry;C:\Users\Ade19\Documents\WWE2K\Profilbilder\Active\AEW\ROH\Anthony Henry '25.png
Anthony Ogogo;C:\Users\Ade19\Documents\WWE2K\Profilbilder\Active\AEW\Dynamite\Anthony Ogogo '25.png
Anya Rune;C:\Users\Ade19\Documents\WWE2K\Profilbilder\Active\WWE\ID\Anya Rune '26.png
Apollo Crews;C:\Users\Ade19\Documents\WWE2K\Profilbilder\Active\INDY\Apollo Crews '26.png
AR Fox;C:\Users\Ade19\Documents\WWE2K\Profilbilder\Active\AEW\Dynamite\AR Fox '25.png
Aran Sano;C:\Users\Ade19\Documents\WWE2K\Profilbilder\Active\OPW\Aran Sano '26.png
Aria Bennett;C:\Users\Ade19\Documents\WWE2K\Profilbilder\Active\WWE\EVOLVE\Aria Bennett '25.png
Arianna Grace;C:\Users\Ade19\Documents\WWE2K\Profilbilder\Active\WWE\NXT\Arianna Grace '26.png
Ariel Dominguez;C:\Users\Ade19\Documents\WWE2K\Profilbilder\Active\INDY\Ariel Dominguez '25.png
Ariya Daivari;C:\Users\Ade19\Documents\WWE2K\Profilbilder\Active\AEW\ROH\Ariya Daivari '26.png
Arkalis;C:\Users\Ade19\Documents\WWE2K\Profilbilder\Active\CMLL\Arkalis '25.png
Armando Estrada '06;C:\Users\Ade19\Documents\WWE2K\Profilbilder\Archiv\2006\Armando Estrada '06.png
Aron Stevens;C:\Users\Ade19\Documents\WWE2K\Profilbilder\Active\NWA\Aron Stevens '26.png
Ash by Elegance;C:\Users\Ade19\Documents\WWE2K\Profilbilder\Active\TNA\Ash by Elegance '25.png
Asuka;C:\Users\Ade19\Documents\WWE2K\Profilbilder\Active\WWE\RAW\Asuka '26.png
Athena;C:\Users\Ade19\Documents\WWE2K\Profilbilder\Active\AEW\ROH\Athena '26.png
Atlantis;C:\Users\Ade19\Documents\WWE2K\Profilbilder\Active\CMLL\Atlantis '21.png
Atlantis Jr.;C:\Users\Ade19\Documents\WWE2K\Profilbilder\Active\NJPW\Atlantis Jr. '23.png
Atsuki Aoyagi;C:\Users\Ade19\Documents\WWE2K\Profilbilder\Active\AJPW\Atsuki Aoyagi '26.png
Atsushi Kotoge;C:\Users\Ade19\Documents\WWE2K\Profilbilder\Active\NOAH\Atsushi Kotoge '26.png
Austin Aries;C:\Users\Ade19\Documents\WWE2K\Profilbilder\Active\MLW\Austin Aries '25.png
Austin Gunn;C:\Users\Ade19\Documents\WWE2K\Profilbilder\Active\AEW\Dynamite\Austin Gunn '25.png
Austin Milward;C:\Users\Ade19\Documents\WWE2K\Profilbilder\Active\INDY\Austin Milward '26.png
Austin Mulitalo;C:\Users\Ade19\Documents\WWE2K\Profilbilder\Active\INDY\Austin Mulitalo '26.png
Austin Theory;C:\Users\Ade19\Documents\WWE2K\Profilbilder\Active\WWE\RAW\Austin Theory '26.png
Ava;C:\Users\Ade19\Documents\WWE2K\Profilbilder\Archiv\2024\Ava '24.png
Ax '88;C:\Users\Ade19\Documents\WWE2K\Profilbilder\Archiv\1988\Ax '88.png
Axel Tischer;C:\Users\Ade19\Documents\WWE2K\Profilbilder\Active\INDY\Axel Tischer '25.png
Axiom;C:\Users\Ade19\Documents\WWE2K\Profilbilder\Active\WWE\Smackdown\Axiom '26.png
Aya Sakura;C:\Users\Ade19\Documents\WWE2K\Profilbilder\Active\STARDOM\Aya Sakura '25.png
AZM;C:\Users\Ade19\Documents\WWE2K\Profilbilder\Active\STARDOM\AZM '26.png
Azusa Inaba;C:\Users\Ade19\Documents\WWE2K\Profilbilder\Active\JTO\Azusa Inaba '25.png
B3CCA;C:\Users\Ade19\Documents\WWE2K\Profilbilder\Active\INDY\B3CCA '26.png
Bad Dude Tito;C:\Users\Ade19\Documents\WWE2K\Profilbilder\Active\NJPW\Bad Dude Tito '22.png
Bam Bam Bigelow '93;C:\Users\Ade19\Documents\WWE2K\Profilbilder\Archiv\1993\Bam Bam Bigelow '93.png
Bandido;C:\Users\Ade19\Documents\WWE2K\Profilbilder\Active\AEW\ROH\Bandido '25.png
Bárbaro Cavernario;C:\Users\Ade19\Documents\WWE2K\Profilbilder\Active\CMLL\Bárbaro Cavernario '20.png
Batista '14;C:\Users\Ade19\Documents\WWE2K\Profilbilder\Archiv\2014\Batista '14.png
Bayley;C:\Users\Ade19\Documents\WWE2K\Profilbilder\Active\WWE\RAW\Bayley '25.png
BDE;C:\Users\Ade19\Documents\WWE2K\Profilbilder\Active\TNA\BDE '25.png
Bea Priestley;C:\Users\Ade19\Documents\WWE2K\Profilbilder\Active\STARDOM\Bea Priestley '25.png
Bear Bronson;C:\Users\Ade19\Documents\WWE2K\Profilbilder\Active\TNA\Bear Bronson '25.png
Becky Lynch;C:\Users\Ade19\Documents\WWE2K\Profilbilder\Active\WWE\RAW\Becky Lynch '24.png
BEEF;C:\Users\Ade19\Documents\WWE2K\Profilbilder\Active\AEW\Free\Beef '26.png
Belcegor;C:\Users\Ade19\Documents\WWE2K\Profilbilder\Active\WWE\AAA\Belcegor '25.png
Ben Bishop;C:\Users\Ade19\Documents\WWE2K\Profilbilder\Active\INDY\Ben Bishop '25.png
Ben-K;C:\Users\Ade19\Documents\WWE2K\Profilbilder\Active\Dragon Gate\Ben-K '26.png
Berto;C:\Users\Ade19\Documents\WWE2K\Profilbilder\Active\WWE\Smackdown\Berto '25.png
Beth Phoenix '10;C:\Users\Ade19\Documents\WWE2K\Profilbilder\Archiv\2010\Beth Phoenix '10.png
B-Fab;C:\Users\Ade19\Documents\WWE2K\Profilbilder\Active\WWE\Smackdown\B-Fab '25.png
Bianca Belair;C:\Users\Ade19\Documents\WWE2K\Profilbilder\Active\WWE\Smackdown\Bianca Belair '24.png
Big Bill;C:\Users\Ade19\Documents\WWE2K\Profilbilder\Active\AEW\Dynamite\Big Bill '25.png
Big Boss Man '90;C:\Users\Ade19\Documents\WWE2K\Profilbilder\Archiv\1990\Big Boss Man '90.png
BIG BOSS Shimizu;C:\Users\Ade19\Documents\WWE2K\Profilbilder\Active\Dragon Gate\BIG BOSS Shimizu '26.png
Big Daddy V '07;C:\Users\Ade19\Documents\WWE2K\Profilbilder\Archiv\2007\Big Daddy V '07.png
Big Damo;C:\Users\Ade19\Documents\WWE2K\Profilbilder\Active\MLW\Big Damo '22.png
Big E;C:\Users\Ade19\Documents\WWE2K\Profilbilder\Active\WWE\Staff\Big E '25.png
Billie Starkz;C:\Users\Ade19\Documents\WWE2K\Profilbilder\Active\AEW\ROH\Billie Starkz '25.png
Billy Gunn;C:\Users\Ade19\Documents\WWE2K\Profilbilder\Active\AEW\Dynamite\Billy Gunn '25.png
Bishop Dyer;C:\Users\Ade19\Documents\WWE2K\Profilbilder\Active\MLW\Bishop Dyer '25.png
Bishop Kaun;C:\Users\Ade19\Documents\WWE2K\Profilbilder\Active\AEW\Dynamite\Bishop Kaun '25.png
Black Andrómeda;C:\Users\Ade19\Documents\WWE2K\Profilbilder\Active\WWE\AAA\Black Andrómeda '24.png
Black Menso-re;C:\Users\Ade19\Documents\WWE2K\Profilbilder\Active\NOAH\Black Mensore '26.png
Black Tiger;C:\Users\Ade19\Documents\WWE2K\Profilbilder\Active\CMLL\Black Tiger '26.png
Blair Onyx;C:\Users\Ade19\Documents\WWE2K\Profilbilder\Active\INDY\Blair Onyx '25.png
Blake Christian;C:\Users\Ade19\Documents\WWE2K\Profilbilder\Active\AEW\Dynamite\Blake Christian '26.png
Blake Monroe;C:\Users\Ade19\Documents\WWE2K\Profilbilder\Active\WWE\NXT\Blake Monroe '25.png
Blue Panther;C:\Users\Ade19\Documents\WWE2K\Profilbilder\Active\CMLL\Blue Panther '20.png
Blue Panther Jr.;C:\Users\Ade19\Documents\WWE2K\Profilbilder\Active\CMLL\Blue Panther jr.'25.png
Bobby Lashley;C:\Users\Ade19\Documents\WWE2K\Profilbilder\Active\AEW\Dynamite\Bobby Lashley '25.png
Bobby 'The Brain' Heenan '89;C:\Users\Ade19\Documents\WWE2K\Profilbilder\Archiv\1989\Bobby Heenan '89.png
Boltin Oleg;C:\Users\Ade19\Documents\WWE2K\Profilbilder\Active\NJPW\Boltin Oleg '24.png
Boogeyman '06;C:\Users\Ade19\Documents\WWE2K\Profilbilder\Archiv\2006\The Boogeyman '06.png
Booker T '07;C:\Users\Ade19\Documents\WWE2K\Profilbilder\Archiv\2007\Booker T '07.png
Bozilla;C:\Users\Ade19\Documents\WWE2K\Profilbilder\Active\STARDOM\Bozilla '25.png
Brad Baylor;C:\Users\Ade19\Documents\WWE2K\Profilbilder\Active\WWE\NXT\Brad Baylor '26.png
Bradshaw '00;C:\Users\Ade19\Documents\WWE2K\Profilbilder\Archiv\2000\Bradshaw '00.png
Brandon Bandz;C:\Users\Ade19\Documents\WWE2K\Profilbilder\Active\INDY\Brandon Bandz '25.png
Brandon Cutler;C:\Users\Ade19\Documents\WWE2K\Profilbilder\Active\AEW\Dynamite\Brandon Cutler '25.png
Bravo Americano;C:\Users\Ade19\Documents\WWE2K\Profilbilder\Active\WWE\RAW\Bravo Americano '26.png
Braxton Cole;C:\Users\Ade19\Documents\WWE2K\Profilbilder\Active\WWE\EVOLVE\Braxton Cole '26.png
Bray Wyatt '22;C:\Users\Ade19\Documents\WWE2K\Profilbilder\Archiv\2022\Bray Wyatt '22.png
Bret Hart '97;C:\Users\Ade19\Documents\WWE2K\Profilbilder\Archiv\1997\Bret Hart '97.png
Brian Cage;C:\Users\Ade19\Documents\WWE2K\Profilbilder\Active\AEW\ROH\Brian Cage '25.png
Brian Kendrick;C:\Users\Ade19\Documents\WWE2K\Profilbilder\Active\NOAH\Brian Kendrick '20.png
Brian Myers;C:\Users\Ade19\Documents\WWE2K\Profilbilder\Active\TNA\Brian Myers '25.png
Brian Pillman '96;C:\Users\Ade19\Documents\WWE2K\Profilbilder\Archiv\1996\Brian Pillman '96.png
Brick Savage;C:\Users\Ade19\Documents\WWE2K\Profilbilder\Active\INDY\Brick Savage '26.png
Brie Bella;C:\Users\Ade19\Documents\WWE2K\Profilbilder\Active\WWE\RAW\Brie Bella '26.png
British Bulldog '97;C:\Users\Ade19\Documents\WWE2K\Profilbilder\Archiv\1992\The British Bulldog Davey Boy Smith '92.png
Brittnie Brooks;C:\Users\Ade19\Documents\WWE2K\Profilbilder\Active\INDY\Brittnie Brooks '25.png
Brock Anderson;C:\Users\Ade19\Documents\WWE2K\Profilbilder\Active\INDY\Brock Anderson '24.png
Brock Lesnar;C:\Users\Ade19\Documents\WWE2K\Profilbilder\Archiv\2025\Brock Lesnar '25.png
Brodie Lee Jr.;C:\Users\Ade19\Documents\WWE2K\Profilbilder\Active\AEW\Dynamite\Brodie Lee Jr. '25.png
Brody King;C:\Users\Ade19\Documents\WWE2K\Profilbilder\Active\AEW\Dynamite\Brody King '25.png
Bron Breakker;C:\Users\Ade19\Documents\WWE2K\Profilbilder\Active\WWE\RAW\Bron Breakker '26.png
Bronco Nima;C:\Users\Ade19\Documents\WWE2K\Profilbilder\Active\WWE\NXT\Bronco Nima '23.png
Bronson Reed;C:\Users\Ade19\Documents\WWE2K\Profilbilder\Active\WWE\RAW\Bronson Reed '22.png
Brooke Havok;C:\Users\Ade19\Documents\WWE2K\Profilbilder\Active\INDY\Brooke Havok '25.png
Brooks Jensen;C:\Users\Ade19\Documents\WWE2K\Profilbilder\Active\WWE\NXT\Brooks Jensen '26.png
Brother Love '88;C:\Users\Ade19\Documents\WWE2K\Profilbilder\Archiv\1988\Brother Love '88.png
Bruiser Brody;C:\Users\Ade19\Documents\WWE2K\Profilbilder\Archiv\1976\Bruiser Brody '76.png
Bruss Hamilton;C:\Users\Ade19\Documents\WWE2K\Profilbilder\Active\INDY\Bruss Hamilton '25.png
Brutus Creed;C:\Users\Ade19\Documents\WWE2K\Profilbilder\Active\WWE\RAW\Brutus Creed '26.png
Bryan Danielson;C:\Users\Ade19\Documents\WWE2K\Profilbilder\Active\AEW\Dynamite\Bryan Danielson '25.png
Bryan Idol;C:\Users\Ade19\Documents\WWE2K\Profilbilder\Active\NWA\Bryan Idol '24.png
Bryan Keith;C:\Users\Ade19\Documents\WWE2K\Profilbilder\Active\AEW\Dynamite\Bryan Keith '25.png
Bubba Ray Dudley '02;C:\Users\Ade19\Documents\WWE2K\Profilbilder\Archiv\2001\Bubba Ray Dudley '01.png
Buddy Matthews;C:\Users\Ade19\Documents\WWE2K\Profilbilder\Active\AEW\Dynamite\Buddy Matthews '25.png
Bull Nakano '88;C:\Users\Ade19\Documents\WWE2K\Profilbilder\Archiv\1988\Bull Nakano '88.png
BUSHI;C:\Users\Ade19\Documents\WWE2K\Profilbilder\Active\NOAH\BUSHI '25.png
Bushwhacker Butch '90;C:\Users\Ade19\Documents\WWE2K\Profilbilder\Archiv\1990\Bushwhacker Butch '90.png
Bushwhacker Luke '90;C:\Users\Ade19\Documents\WWE2K\Profilbilder\Archiv\1990\Bushwhacker Luke '90.png
BxB Hulk;C:\Users\Ade19\Documents\WWE2K\Profilbilder\Active\Dragon Gate\BxB Hulk '26.png
Cactus Jack '96;C:\Users\Ade19\Documents\WWE2K\Profilbilder\Archiv\1993\Cactus Jack '93.png
Callum Newman;C:\Users\Ade19\Documents\WWE2K\Profilbilder\Active\NJPW\Callum Newman '26.png
Campbell Myers;C:\Users\Ade19\Documents\WWE2K\Profilbilder\Active\INDY\Campbell Myers '25.png
Cancerbero;C:\Users\Ade19\Documents\WWE2K\Profilbilder\Active\CMLL\Cancerbero '25.png
Candice LeRae;C:\Users\Ade19\Documents\WWE2K\Profilbilder\Active\WWE\Smackdown\Candice LeRae '22.png
Cappuccino Jones;C:\Users\Ade19\Documents\WWE2K\Profilbilder\Active\WWE\EVOLVE\Cappuccino Jones '26.jpg.png
Captain Lou Albano '85;C:\Users\Ade19\Documents\WWE2K\Profilbilder\Archiv\1985\Captain Lou Albano '85.png
Cara Noir;C:\Users\Ade19\Documents\WWE2K\Profilbilder\Active\INDY\Cara Noir '26.png
Carbell Ito;C:\Users\Ade19\Documents\WWE2K\Profilbilder\Active\INDY\Carbell Ito '26.png
Carlee Bright;C:\Users\Ade19\Documents\WWE2K\Profilbilder\Active\WWE\EVOLVE\Carlee Bright '24.png
Carlie Bravo;C:\Users\Ade19\Documents\WWE2K\Profilbilder\Active\AEW\ROH\Carlie Bravo '25.png
Carlito '25;C:\Users\Ade19\Documents\WWE2K\Profilbilder\Archiv\2025\Carlito '25.png
Carmelo Hayes;C:\Users\Ade19\Documents\WWE2K\Profilbilder\Active\WWE\Smackdown\Carmelo Hayes '25.png
Carnage;C:\Users\Ade19\Documents\WWE2K\Profilbilder\Active\NWA\Carnage '26.png
Carson B. Drake;C:\Users\Ade19\Documents\WWE2K\Profilbilder\Active\NWA\Carson B. Drake '26.png
Cash Wheeler;C:\Users\Ade19\Documents\WWE2K\Profilbilder\Active\AEW\Dynamite\Cash Wheeler '25.png
Cassie Lee;C:\Users\Ade19\Documents\WWE2K\Profilbilder\Active\AEW\Dynamite\Cassie Lee '25.png
Cathy Kelley;C:\Users\Ade19\Documents\WWE2K\Profilbilder\Active\WWE\Staff\Cathy Kelley '26.png
Cedric Alexander;C:\Users\Ade19\Documents\WWE2K\Profilbilder\Active\TNA\Cedric Alexander '25.png
Chad Gable;C:\Users\Ade19\Documents\WWE2K\Profilbilder\Active\WWE\RAW\Chad Gable '24.png
Channing 'Stacks' Lorenzo;C:\Users\Ade19\Documents\WWE2K\Profilbilder\Active\WWE\NXT\Channing Stacks Lorenzo '24.png
Chantel Monroe;C:\Users\Ade19\Documents\WWE2K\Profilbilder\Active\WWE\EVOLVE\Chantel Monroe '25.png
Charity King;C:\Users\Ade19\Documents\WWE2K\Profilbilder\Active\INDY\Charity King '24.png
Charles Crowley;C:\Users\Ade19\Documents\WWE2K\Profilbilder\Active\INDY\Charles Crowley '26.png
Charles Mason;C:\Users\Ade19\Documents\WWE2K\Profilbilder\Active\INDY\Charles Mason '25.png
Charlette Renegade;C:\Users\Ade19\Documents\WWE2K\Profilbilder\Active\AEW\ROH\Charlette Renegade '25.png
Charli Evans;C:\Users\Ade19\Documents\WWE2K\Profilbilder\Active\INDY\Charli Evans '26.png
Charlie;C:\Users\Ade19\Documents\WWE2K\Profilbilder\Active\INDY\Charlie '26.png
Charlie Dempsey;C:\Users\Ade19\Documents\WWE2K\Profilbilder\Active\WWE\NXT\Charlie Dempsey '24.png
Charlie Haas '02;C:\Users\Ade19\Documents\WWE2K\Profilbilder\Archiv\2003\Charlie Haas '03.png
Charlotte Flair;C:\Users\Ade19\Documents\WWE2K\Profilbilder\Active\WWE\Smackdown\Charlotte Flair '25.png
Chase Holliday;C:\Users\Ade19\Documents\WWE2K\Profilbilder\Active\INDY\Chase Holliday CR '22.png
Chase Owens;C:\Users\Ade19\Documents\WWE2K\Profilbilder\Active\NJPW\Chase Owens '25.png
Chazz 'Starboy' Hall;C:\Users\Ade19\Documents\WWE2K\Profilbilder\Active\WWE\ID\Chazz Hall '26.png
Chelsea Green;C:\Users\Ade19\Documents\WWE2K\Profilbilder\Active\WWE\Smackdown\Chelsea Green '25.png
Chessman;C:\Users\Ade19\Documents\WWE2K\Profilbilder\Active\WWE\AAA\Chessman '23.png
Chihiro Hashimoto;C:\Users\Ade19\Documents\WWE2K\Profilbilder\Active\Sendai Girls\Chihiro Hashimoto '26.png
Chik Tormenta;C:\Users\Ade19\Documents\WWE2K\Profilbilder\Active\WWE\AAA\Chik Tormenta '26.png
Chris Benoit '07;C:\Users\Ade19\Documents\WWE2K\Profilbilder\Archiv\2007\Christ Benoit '07.png
Chris Bey;C:\Users\Ade19\Documents\WWE2K\Profilbilder\Active\TNA\Chris Bey '25.png
Chris Brookes;C:\Users\Ade19\Documents\WWE2K\Profilbilder\Active\DDT\Chris Brookes '26.png
Chris Island;C:\Users\Ade19\Documents\WWE2K\Profilbilder\Active\INDY\Chris Island '26.png
Chris Jericho;C:\Users\Ade19\Documents\WWE2K\Profilbilder\Active\AEW\Dynamite\Chris Jericho '26.png
Chris Sabin;C:\Users\Ade19\Documents\WWE2K\Profilbilder\Active\INDY\Chris Sabin '24.png
Chris Vice;C:\Users\Ade19\Documents\WWE2K\Profilbilder\Active\ZERO1\Chris Vice '26.png
Christian '99;C:\Users\Ade19\Documents\WWE2K\Profilbilder\Archiv\1999\Christian '99.png
Christian Cage;C:\Users\Ade19\Documents\WWE2K\Profilbilder\Active\AEW\Dynamite\Christian Cage '25.png
Christopher Daniels;C:\Users\Ade19\Documents\WWE2K\Profilbilder\Active\AEW\Dynamite\Christopher Daniels '25.png
Christyan XO;C:\Users\Ade19\Documents\WWE2K\Profilbilder\Active\INDY\Christyan XO '25.png
Chuck Taylor;C:\Users\Ade19\Documents\WWE2K\Profilbilder\Active\AEW\Dynamite\Chuck Taylor '25.png
Chyna '00;C:\Users\Ade19\Documents\WWE2K\Profilbilder\Archiv\2000\Chyna '00.png
Cian Noonan;C:\Users\Ade19\Documents\WWE2K\Profilbilder\Active\INDY\Cian Noonan '25.png
Cibernético;C:\Users\Ade19\Documents\WWE2K\Profilbilder\Active\WWE\AAA\Cibernético '25.png
CJ Valor;C:\Users\Ade19\Documents\WWE2K\Profilbilder\Active\WWE\ID\CJ Valor 26.png
Clark Connors;C:\Users\Ade19\Documents\WWE2K\Profilbilder\Active\AEW\Dynamite\Clark Connors '26.png
Claudio Castagnoli;C:\Users\Ade19\Documents\WWE2K\Profilbilder\Active\AEW\Dynamite\Claudio Castangnoli '25.png
CM Punk;C:\Users\Ade19\Documents\WWE2K\Profilbilder\Active\WWE\RAW\CM Punk '26.png
Cody Rhodes;C:\Users\Ade19\Documents\WWE2K\Profilbilder\Active\WWE\Smackdown\Cody Rhodes '26.png
Colby Corino;C:\Users\Ade19\Documents\WWE2K\Profilbilder\Active\NWA\Colby Corino '26.png
Cole Karter;C:\Users\Ade19\Documents\WWE2K\Profilbilder\Active\AEW\ROH\Cole Karter '25.png
Colmillo de Plata;C:\Users\Ade19\Documents\WWE2K\Profilbilder\Active\WWE\AAA\Colmillo de Plata '25.png
Colt Cabana;C:\Users\Ade19\Documents\WWE2K\Profilbilder\Active\AEW\Dynamite\Colt Cabana '25.png
Colten Gunn;C:\Users\Ade19\Documents\WWE2K\Profilbilder\Active\AEW\Dynamite\Colten Gunn '25.png
Conan Lycan;C:\Users\Ade19\Documents\WWE2K\Profilbilder\Active\INDY\Conan Lycan '25.png
Connor Mills;C:\Users\Ade19\Documents\WWE2K\Profilbilder\Active\INDY\Connor Mills '25.png
Corinne Joy;C:\Users\Ade19\Documents\WWE2K\Profilbilder\Active\INDY\Corinne Joy '26.png
Crush '90;C:\Users\Ade19\Documents\WWE2K\Profilbilder\Archiv\1990\Crush '90.png
Cruz Del Toro;C:\Users\Ade19\Documents\WWE2K\Profilbilder\Active\WWE\RAW\Cruz Del Toro '25.png
Cutler James;C:\Users\Ade19\Documents\WWE2K\Profilbilder\Active\WWE\NXT\Cutler James '25.png
CW Anderson;C:\Users\Ade19\Documents\WWE2K\Profilbilder\Active\INDY\CW Anderson '25.png
Cyrus;C:\Users\Ade19\Documents\WWE2K\Profilbilder\Active\INDY\Cyrus '26.png
D’Lo Brown '96;C:\Users\Ade19\Documents\WWE2K\Profilbilder\Archiv\1996\D’Lo Brown '96.png
Daemon Atlas;C:\Users\Ade19\Documents\WWE2K\Profilbilder\Active\INDY\Daemon Atlas '26.png
Daga;C:\Users\Ade19\Documents\WWE2K\Profilbilder\Active\NOAH\Daga '25.png
Daiki Inaba;C:\Users\Ade19\Documents\WWE2K\Profilbilder\Active\NOAH\Daiki Inaba '26.png
Daiki Nagai;C:\Users\Ade19\Documents\WWE2K\Profilbilder\Active\NJPW\Daiki Nagai '25.png
Daiki Odashima;C:\Users\Ade19\Documents\WWE2K\Profilbilder\Active\NOAH\Daiki Odashima '25.png
Daisuke Sekimoto;C:\Users\Ade19\Documents\WWE2K\Profilbilder\Active\INDY\Daisuke Sekimoto '25.png
Daisy Kill;C:\Users\Ade19\Documents\WWE2K\Profilbilder\Active\NWA\Daisy Kill '26.png
Dalton Castle;C:\Users\Ade19\Documents\WWE2K\Profilbilder\Active\AEW\ROH\Dalton Castle '25.png
Dalton McKenzie;C:\Users\Ade19\Documents\WWE2K\Profilbilder\Active\NWA\Dalton McKenzie '26.png
Dalys;C:\Users\Ade19\Documents\WWE2K\Profilbilder\Active\WWE\AAA\Dalys '26.png
Damage;C:\Users\Ade19\Documents\WWE2K\Profilbilder\Active\NWA\Damage '26.png
Damian Fenrir;C:\Users\Ade19\Documents\WWE2K\Profilbilder\Active\NWA\Damian Fenrir '26.png
Damian Priest;C:\Users\Ade19\Documents\WWE2K\Profilbilder\Active\WWE\Smackdown\Damian Priest '25.png
Dan Tamura;C:\Users\Ade19\Documents\WWE2K\Profilbilder\Active\AJPW\Dan Tamura '26.png
Danhausen;C:\Users\Ade19\Documents\WWE2K\Profilbilder\Active\WWE\Free\Danhausen '26.png
Dani Luna;C:\Users\Ade19\Documents\WWE2K\Profilbilder\Active\INDY\Dani Luna '25.png
Daniel Garcia;C:\Users\Ade19\Documents\WWE2K\Profilbilder\Active\AEW\Dynamite\Daniel Garcia '25.png
Danny Black;C:\Users\Ade19\Documents\WWE2K\Profilbilder\Active\INDY\Danny Black '26.png
Dante Chen;C:\Users\Ade19\Documents\WWE2K\Profilbilder\Active\INDY\Dante Chen '24.png
Dante Leon;C:\Users\Ade19\Documents\WWE2K\Profilbilder\Active\INDY\Dante Leon '25.png
Dante Martin;C:\Users\Ade19\Documents\WWE2K\Profilbilder\Active\AEW\Dynamite\Dante Martin '25.png
Darby Allin;C:\Users\Ade19\Documents\WWE2K\Profilbilder\Active\AEW\Dynamite\Darby Allin '24.png
Daria Rae;C:\Users\Ade19\Documents\WWE2K\Profilbilder\Active\TNA\Daria Rae '26.png
Darian Bengston;C:\Users\Ade19\Documents\WWE2K\Profilbilder\Active\INDY\Darian Bengston '25.png
Darius Martin;C:\Users\Ade19\Documents\WWE2K\Profilbilder\Active\AEW\Dynamite\Darius Martin '25.png
Dark Magic;C:\Users\Ade19\Documents\WWE2K\Profilbilder\Active\CMLL\Dark Magic '25.png
Dark Panther;C:\Users\Ade19\Documents\WWE2K\Profilbilder\Active\CMLL\Dark Panther '20.png
Dave the Clown;C:\Users\Ade19\Documents\WWE2K\Profilbilder\Active\WWE\AAA\Dave the Clown '25.png
Davey Boy Smith Jr.;C:\Users\Ade19\Documents\WWE2K\Profilbilder\Active\INDY\Davey Boy Smith Jr. '25.png
David Finlay;C:\Users\Ade19\Documents\WWE2K\Profilbilder\Active\AEW\Dynamite\David Finlay '26.png
Dax Harwood;C:\Users\Ade19\Documents\WWE2K\Profilbilder\Active\AEW\Dynamite\Dax Harwood '25.png
Dayami Ho;C:\Users\Ade19\Documents\WWE2K\Profilbilder\Active\INDY\Dayami Ho '25.png
Daz Black;C:\Users\Ade19\Documents\WWE2K\Profilbilder\Active\INDY\Daz Black '25.png
Dean Malenko '00;C:\Users\Ade19\Documents\WWE2K\Profilbilder\Archiv\1997\Dean Malenko '97.png
Delia Schweizer;C:\Users\Ade19\Documents\WWE2K\Profilbilder\Active\WWE\ID\Delia Schweizer '26.png
Delmi Exo;C:\Users\Ade19\Documents\WWE2K\Profilbilder\Active\INDY\Delmi Exo '26.png
'Demon' Finn Balor '15;C:\Users\Ade19\Documents\WWE2K\Profilbilder\Archiv\2015\Demon Finn Bálor '15.png
Deonna Purrazzo;C:\Users\Ade19\Documents\WWE2K\Profilbilder\Active\AEW\ROH\Deonna Purrazzo '25.png
Dexter Lumis;C:\Users\Ade19\Documents\WWE2K\Profilbilder\Active\INDY\Dexter Lumis '24.png
Dezmond Xavier;C:\Users\Ade19\Documents\WWE2K\Profilbilder\Active\AEW\Dynamite\Dezmond Xavier '26.png
Diamante;C:\Users\Ade19\Documents\WWE2K\Profilbilder\Active\AEW\ROH\Diamante '25.png
Diamond;C:\Users\Ade19\Documents\WWE2K\Profilbilder\Active\CMLL\Diamond '25.png
Diamond Dallas Page;C:\Users\Ade19\Documents\WWE2K\Profilbilder\Archiv\2026\Diamond Dallas Page '26.png
Diana Tano;C:\Users\Ade19\Documents\WWE2K\Profilbilder\Active\INDY\Diana Tano '26.png
Dick Togo;C:\Users\Ade19\Documents\WWE2K\Profilbilder\Active\NJPW\Dick Togo '21.png
Diego Hill;C:\Users\Ade19\Documents\WWE2K\Profilbilder\Active\MLW\Diego Hill '25.png
Diesel '95;C:\Users\Ade19\Documents\WWE2K\Profilbilder\Archiv\1995\Diesel '95.png
Difunto;C:\Users\Ade19\Documents\WWE2K\Profilbilder\Active\CMLL\Difunto '26.png
Dinámico;C:\Users\Ade19\Documents\WWE2K\Profilbilder\Active\WWE\AAA\Dinámico '24.png
Dion Lennox;C:\Users\Ade19\Documents\WWE2K\Profilbilder\Active\WWE\NXT\Dion Lennox '25.png
Disturbio;C:\Users\Ade19\Documents\WWE2K\Profilbilder\Active\CMLL\Disturbio '25.png
DMT Azul;C:\Users\Ade19\Documents\WWE2K\Profilbilder\Active\WWE\AAA\DMT Azul '25.png
Doc Gallows;C:\Users\Ade19\Documents\WWE2K\Profilbilder\Active\MLW\Doc Gallows '25.png
Doink the Clown '93;C:\Users\Ade19\Documents\WWE2K\Profilbilder\Archiv\1993\Doink the Clown '93.png
Dominic Garrini;C:\Users\Ade19\Documents\WWE2K\Profilbilder\Active\INDY\Dominic Garrini '23.png
Dominik Mysterio;C:\Users\Ade19\Documents\WWE2K\Profilbilder\Active\WWE\RAW\Dominik Mysterio '25.png
Don Callis;C:\Users\Ade19\Documents\WWE2K\Profilbilder\Active\AEW\Dynamite\Don Callis '25.png
Don Fale;C:\Users\Ade19\Documents\WWE2K\Profilbilder\Active\NJPW\Don Fale '25.png
Don Fujii;C:\Users\Ade19\Documents\WWE2K\Profilbilder\Active\Dragon Gate\Don Fujii '26.png
Don Furio;C:\Users\Ade19\Documents\WWE2K\Profilbilder\Active\INDY\Don Furio '24.png
Don Gato;C:\Users\Ade19\Documents\WWE2K\Profilbilder\Active\MLW\Don Gato '25.png
Donovan Dijak;C:\Users\Ade19\Documents\WWE2K\Profilbilder\Active\MLW\Donovan Dijak '25.png
Dorian Roldán;C:\Users\Ade19\Documents\WWE2K\Profilbilder\Active\WWE\AAA\Dorian Roldán '24.png
Dorian Van Dux;C:\Users\Ade19\Documents\WWE2K\Profilbilder\Active\WWE\NXT\Dorian Van Dux '26.png
DOUKI;C:\Users\Ade19\Documents\WWE2K\Profilbilder\Active\NJPW\DOUKI '23.png
Dr. Britt Baker D.M.D.;C:\Users\Ade19\Documents\WWE2K\Profilbilder\Active\AEW\Dynamite\Britt Baker '24.png
'Dr. Death' Steve Williams '98;C:\Users\Ade19\Documents\WWE2K\Profilbilder\Archiv\1998\'Dr. Death' Steve Williams '98.png
Dragon Bane;C:\Users\Ade19\Documents\WWE2K\Profilbilder\Active\NOAH\Dragon's Bane '26.png
Dragon Kid;C:\Users\Ade19\Documents\WWE2K\Profilbilder\Active\Dragon Gate\Dragon Kid '26.png
Dragon Lee;C:\Users\Ade19\Documents\WWE2K\Profilbilder\Active\WWE\RAW\Dragon Lee '23.png
Dragón Rojo Jr.;C:\Users\Ade19\Documents\WWE2K\Profilbilder\Active\CMLL\Dragón Rojo Jr. '25.png
Drake Morreaux;C:\Users\Ade19\Documents\WWE2K\Profilbilder\Active\WWE\EVOLVE\Drake Morreaux '26.png
Dralistico;C:\Users\Ade19\Documents\WWE2K\Profilbilder\Active\AEW\Dynamite\Dralistico '24.png
Drew McIntyre;C:\Users\Ade19\Documents\WWE2K\Profilbilder\Active\WWE\Smackdown\Drew McIntyre '20.png
Drilla Moloney;C:\Users\Ade19\Documents\WWE2K\Profilbilder\Active\NJPW\Drilla Moloney '26.png
Dude Love '97;C:\Users\Ade19\Documents\WWE2K\Profilbilder\Archiv\1997\Dude Love '97.png
Duke Hanson;C:\Users\Ade19\Documents\WWE2K\Profilbilder\Active\INDY\Duke Hanson '26.png
Dulce Kanela;C:\Users\Ade19\Documents\WWE2K\Profilbilder\Active\WWE\AAA\Dulce Kanela '22.png
Durango Kid;C:\Users\Ade19\Documents\WWE2K\Profilbilder\Active\INDY\Durango Kid '25.png
Dušan Novaković;C:\Users\Ade19\Documents\WWE2K\Profilbilder\Active\WWE\ID\Dusan Novakovic '25.png
Dustin Rhodes;C:\Users\Ade19\Documents\WWE2K\Profilbilder\Active\AEW\ROH\Dustin Rhodes '25.png
Dusty Rhodes '92;C:\Users\Ade19\Documents\WWE2K\Profilbilder\Archiv\1992\Dusty Rhodes '92.png
Dutch;C:\Users\Ade19\Documents\WWE2K\Profilbilder\Active\TNA\Dutch '25.png
D-Von Dudley '02;C:\Users\Ade19\Documents\WWE2K\Profilbilder\Archiv\2000\D-Von Dudley '00.png
Dylan James;C:\Users\Ade19\Documents\WWE2K\Profilbilder\Active\INDY\Dylan James '22.png
Earthquake '91;C:\Users\Ade19\Documents\WWE2K\Profilbilder\Archiv\1991\Earthquake '91.png
EC3;C:\Users\Ade19\Documents\WWE2K\Profilbilder\Active\NWA\EC3 '26.png
Eddie Edwards;C:\Users\Ade19\Documents\WWE2K\Profilbilder\Active\TNA\Eddie Edwards '25.png
Eddie Guerrero '04;C:\Users\Ade19\Documents\WWE2K\Profilbilder\Archiv\2004\Eddie Guerrero '04.png
Eddie Kingston;C:\Users\Ade19\Documents\WWE2K\Profilbilder\Active\AEW\Dynamite\Eddie Kingston '24.png
Edge '99;C:\Users\Ade19\Documents\WWE2K\Profilbilder\Archiv\1999\Edge '99.png
Effy;C:\Users\Ade19\Documents\WWE2K\Profilbilder\Active\INDY\Effy '26.png
Eita;C:\Users\Ade19\Documents\WWE2K\Profilbilder\Active\NOAH\Eita '26.png
EK Prosper;C:\Users\Ade19\Documents\WWE2K\Profilbilder\Active\WWE\NXT\Eli Knight '25.png
El Audaz;C:\Users\Ade19\Documents\WWE2K\Profilbilder\Active\CMLL\El Audaz '25.png
El Cielo;C:\Users\Ade19\Documents\WWE2K\Profilbilder\Active\Dragon Gate\El cielo '26.png
El Clon;C:\Users\Ade19\Documents\WWE2K\Profilbilder\Active\AEW\Dynamite\El Clon '25.png
El Coyote;C:\Users\Ade19\Documents\WWE2K\Profilbilder\Active\CMLL\El Coyote '25.png
El Desperado;C:\Users\Ade19\Documents\WWE2K\Profilbilder\Active\NJPW\El Desperado '23.png
El Felino;C:\Users\Ade19\Documents\WWE2K\Profilbilder\Active\CMLL\El Felino '25.png
El Fiscal;C:\Users\Ade19\Documents\WWE2K\Profilbilder\Active\WWE\AAA\El Fiscal '25.png
El Grande Americano;C:\Users\Ade19\Documents\WWE2K\Profilbilder\Active\WWE\RAW\El Grande Americano '25.png
El Hijo de Dr. Wagner Jr.;C:\Users\Ade19\Documents\WWE2K\Profilbilder\Active\WWE\AAA\El Hijo de Dr. Wagner Jr. '25.png
El Hijo del Tirantes;C:\Users\Ade19\Documents\WWE2K\Profilbilder\Active\WWE\AAA\El Hijo del Tirantes '25.png
El Hijo del Vikingo;C:\Users\Ade19\Documents\WWE2K\Profilbilder\Active\WWE\AAA\El Hijo del Viking '26.png
El Mesías;C:\Users\Ade19\Documents\WWE2K\Profilbilder\Active\WWE\AAA\El Mesías '26.png
El Phantasmo;C:\Users\Ade19\Documents\WWE2K\Profilbilder\Active\NJPW\El Phantasmo '26.png
El Sagrado;C:\Users\Ade19\Documents\WWE2K\Profilbilder\Active\CMLL\El Sagrado '25.png
El Terrible;C:\Users\Ade19\Documents\WWE2K\Profilbilder\Active\CMLL\El Terrible '25.png
El Valiente;C:\Users\Ade19\Documents\WWE2K\Profilbilder\Active\CMLL\El Valiente '25.png
Elayna Black;C:\Users\Ade19\Documents\WWE2K\Profilbilder\Active\TNA\Elayna Black '26.png
Elijah;C:\Users\Ade19\Documents\WWE2K\Profilbilder\Active\TNA\Elijah '25.png
Elijah Holyfield;C:\Users\Ade19\Documents\WWE2K\Profilbilder\Active\WWE\Free\Elijah Holyfield '26.png
Elio LeFleur;C:\Users\Ade19\Documents\WWE2K\Profilbilder\Active\WWE\NXT\Elio LeFleur '26.png
Ellen B. Åkesson;C:\Users\Ade19\Documents\WWE2K\Profilbilder\Active\WWE\ID\Ellen Akesson '26.png
Elton Prince;C:\Users\Ade19\Documents\WWE2K\Profilbilder\Active\WWE\Smackdown\Elton Prince '22.png
Ema Corsi;C:\Users\Ade19\Documents\WWE2K\Profilbilder\Active\INDY\Ema Corsi '25.png
Ema Maishima;C:\Users\Ade19\Documents\WWE2K\Profilbilder\Active\STARDOM\Ema Maishima '25.png
Emi Sakura;C:\Users\Ade19\Documents\WWE2K\Profilbilder\Active\AEW\Dynamite\Emi Sakura '25.png
Emily Jaye;C:\Users\Ade19\Documents\WWE2K\Profilbilder\Active\INDY\Emily Jaye '25.png
Epydemius Jr.;C:\Users\Ade19\Documents\WWE2K\Profilbilder\Active\WWE\AAA\Epydemius Jr. '25.png
Eric Bischoff '02;C:\Users\Ade19\Documents\WWE2K\Profilbilder\Archiv\1997\Eric Bischoff '97.png
Eric Smalls;C:\Users\Ade19\Documents\WWE2K\Profilbilder\Active\NWA\Eric Smalls '26.png
Eric Young;C:\Users\Ade19\Documents\WWE2K\Profilbilder\Active\TNA\Eric Young '25.png
Erick Rowan;C:\Users\Ade19\Documents\WWE2K\Profilbilder\Active\INDY\Erick Rowan '24.png
Erik;C:\Users\Ade19\Documents\WWE2K\Profilbilder\Active\WWE\RAW\Erik '25.png
Esfinge;C:\Users\Ade19\Documents\WWE2K\Profilbilder\Active\CMLL\Esfinge '25.png
Espanto Jr.;C:\Users\Ade19\Documents\WWE2K\Profilbilder\Active\CMLL\Espanto Jr. '25.png
Espíritu Negro;C:\Users\Ade19\Documents\WWE2K\Profilbilder\Active\CMLL\Espíritu Negro '25.png
Essa Rios '99;C:\Users\Ade19\Documents\WWE2K\Profilbilder\Archiv\1999\Essa Rios '99.png
Ethan Page;C:\Users\Ade19\Documents\WWE2K\Profilbilder\Active\WWE\RAW\Ethan Page '24.png
Euforia;C:\Users\Ade19\Documents\WWE2K\Profilbilder\Active\CMLL\Euforia '25.png
Eve Torres '12;C:\Users\Ade19\Documents\WWE2K\Profilbilder\Archiv\2012\Eve Torres '12.png
Evil Uno;C:\Users\Ade19\Documents\WWE2K\Profilbilder\Active\AEW\Dynamite\Evil Uno '25.png
Faarooq '96;C:\Users\Ade19\Documents\WWE2K\Profilbilder\Archiv\1996\Faarooq '96.png
Faby Apache;C:\Users\Ade19\Documents\WWE2K\Profilbilder\Active\WWE\AAA\Faby Apache '26.png
Fahd Tuwaiq;C:\Users\Ade19\Documents\WWE2K\Profilbilder\Active\WWE\Free\Fahd Tuwaiq '25.png
Fallon Henley;C:\Users\Ade19\Documents\WWE2K\Profilbilder\Active\WWE\Smackdown\Fallon Henley '26.png
Father James Mitchell;C:\Users\Ade19\Documents\WWE2K\Profilbilder\Active\NWA\Father James Mitchell '26.png
Finn Bálor;C:\Users\Ade19\Documents\WWE2K\Profilbilder\Active\WWE\RAW\Finn Bálor '26.png
Flamita;C:\Users\Ade19\Documents\WWE2K\Profilbilder\Active\Dragon Gate\Flamita '26.png
Flammer;C:\Users\Ade19\Documents\WWE2K\Profilbilder\Active\WWE\AAA\Flammer '26.png
Flip Gordon;C:\Users\Ade19\Documents\WWE2K\Profilbilder\Active\CMLL\Flip Gordon '23.png
Forastero;C:\Users\Ade19\Documents\WWE2K\Profilbilder\Active\WWE\AAA\Forastero '25.png
Francesco Akira;C:\Users\Ade19\Documents\WWE2K\Profilbilder\Active\NJPW\Francesco Akira '25.png
Francois Prinsloo;C:\Users\Ade19\Documents\WWE2K\Profilbilder\Active\WWE\ID\Francois Prinsloo '25.png
Frank;C:\Users\Ade19\Documents\WWE2K\Profilbilder\Active\NWA\Frank '26.png
Frankie Kazarian;C:\Users\Ade19\Documents\WWE2K\Profilbilder\Active\TNA\Frankie Kazarian '25.png
Fred Rosser;C:\Users\Ade19\Documents\WWE2K\Profilbilder\Active\NJPW\Fred Rosser '23.png
Fukigen Death;C:\Users\Ade19\Documents\WWE2K\Profilbilder\Active\STARDOM\Fukigen Death '25.png
Fuminori Abe;C:\Users\Ade19\Documents\WWE2K\Profilbilder\Active\INDY\Fuminori Abe '26.png
Fuwa-chan;C:\Users\Ade19\Documents\WWE2K\Profilbilder\Active\STARDOM\Fuwa-chan '25.png
Gaagz the Gymp;C:\Users\Ade19\Documents\WWE2K\Profilbilder\Active\NWA\Gaagz the Gymp '23.png
Gabby Forza;C:\Users\Ade19\Documents\WWE2K\Profilbilder\Active\INDY\Gabby Forza '25.png
Gabe Kidd;C:\Users\Ade19\Documents\WWE2K\Profilbilder\Active\AEW\Dynamite\Gabe Kidd '26.png
Gaia Hox;C:\Users\Ade19\Documents\WWE2K\Profilbilder\Active\INDY\Gaia Hox '23.png
Galeno del Mal;C:\Users\Ade19\Documents\WWE2K\Profilbilder\Active\WWE\AAA\Galeno del Mal '25.png
Gangrel '99;C:\Users\Ade19\Documents\WWE2K\Profilbilder\Archiv\1999\Gangrel '99.png
Garra de Oro;C:\Users\Ade19\Documents\WWE2K\Profilbilder\Active\WWE\AAA\Garra de Oro '24.png
Garrett Beck;C:\Users\Ade19\Documents\WWE2K\Profilbilder\Active\WWE\ID\Garrett Beck '26.png
Gedo;C:\Users\Ade19\Documents\WWE2K\Profilbilder\Active\NJPW\Gedo '23.png
Genki Horiguchi;C:\Users\Ade19\Documents\WWE2K\Profilbilder\Active\Dragon Gate\Genki Horiguchi '26.png
Gianna Capri;C:\Users\Ade19\Documents\WWE2K\Profilbilder\Active\WWE\ID\Gianna Capri '26.png
Gianni Valletta;C:\Users\Ade19\Documents\WWE2K\Profilbilder\Active\Dragon Gate\Gianni Valletta '26.png
Gisele Shaw;C:\Users\Ade19\Documents\WWE2K\Profilbilder\Active\INDY\Gisele Shaw '26.png
Giulia;C:\Users\Ade19\Documents\WWE2K\Profilbilder\Active\WWE\Smackdown\Giulia '25.png
Go Shiozaki;C:\Users\Ade19\Documents\WWE2K\Profilbilder\Active\AJPW\Go Shiozaki '26.png
Goldberg '97;C:\Users\Ade19\Documents\WWE2K\Profilbilder\Archiv\1998\Goldberg '98.png
Goldust '97;C:\Users\Ade19\Documents\WWE2K\Profilbilder\Archiv\1997\Goldust '97.png
Grako;C:\Users\Ade19\Documents\WWE2K\Profilbilder\Active\CMLL\Grako '25.png
Gran Guerrero;C:\Users\Ade19\Documents\WWE2K\Profilbilder\Active\CMLL\Gran Guerrero '25.png
Grandmaster Sexay '00;C:\Users\Ade19\Documents\WWE2K\Profilbilder\Archiv\2000\Grandmaster Sexay'00.png
Grayson Waller;C:\Users\Ade19\Documents\WWE2K\Profilbilder\Active\WWE\RAW\Grayson Waller '25.png
Great Sakuya;C:\Users\Ade19\Documents\WWE2K\Profilbilder\Active\Marvelous\Great Sakuya '26.png
Great-O-Khan;C:\Users\Ade19\Documents\WWE2K\Profilbilder\Active\NJPW\Great-O-Khan '26.png
Greg Valentine '85;C:\Users\Ade19\Documents\WWE2K\Profilbilder\Archiv\1985\Greg 'The Hammer' Valentine '85.png
Gretta;C:\Users\Ade19\Documents\WWE2K\Profilbilder\Active\NWA\Gretta '26.png
Griff Garrison;C:\Users\Ade19\Documents\WWE2K\Profilbilder\Active\AEW\ROH\Griff Garrison '25.png
GuC;C:\Users\Ade19\Documents\WWE2K\Profilbilder\Active\Dragon Gate\GuC '26.png
Guerrero Maya Jr.;C:\Users\Ade19\Documents\WWE2K\Profilbilder\Active\CMLL\Guerrero Maya Jr. '25.png
Gunther;C:\Users\Ade19\Documents\WWE2K\Profilbilder\Active\WWE\RAW\Gunther '26.png
Gypsy Mac;C:\Users\Ade19\Documents\WWE2K\Profilbilder\Active\INDY\Gypsy Mac '26.png
Hajime Ohara;C:\Users\Ade19\Documents\WWE2K\Profilbilder\Active\NOAH\Hajime Ohara '26.png
Haku '88;C:\Users\Ade19\Documents\WWE2K\Profilbilder\Archiv\1989\Haku '89.png
Haley J;C:\Users\Ade19\Documents\WWE2K\Profilbilder\Active\NWA\Haley J '26.png
HANAKO;C:\Users\Ade19\Documents\WWE2K\Profilbilder\Active\STARDOM\HANAKO '26.png
Hanan;C:\Users\Ade19\Documents\WWE2K\Profilbilder\Active\STARDOM\Hanan '25.png
'Hangman' Adam Page;C:\Users\Ade19\Documents\WWE2K\Profilbilder\Active\AEW\Dynamite\Adam Page '25.png
Hank Walker;C:\Users\Ade19\Documents\WWE2K\Profilbilder\Active\WWE\NXT\Hank Walker '26.png
Harleen Lopez;C:\Users\Ade19\Documents\WWE2K\Profilbilder\Active\INDY\Harleen Lopez '26.png
Harlem Lewis;C:\Users\Ade19\Documents\WWE2K\Profilbilder\Active\WWE\EVOLVE\Harlem Lewis '26.png
Harley Cameron;C:\Users\Ade19\Documents\WWE2K\Profilbilder\Active\AEW\Dynamite\Harley Cameron '25.png
Harley Hudson;C:\Users\Ade19\Documents\WWE2K\Profilbilder\Active\TNA\Harley Hudson '25.png
Harley Riggins;C:\Users\Ade19\Documents\WWE2K\Profilbilder\Active\WWE\EVOLVE\Harley Riggins '25.png
Hartley Jackson;C:\Users\Ade19\Documents\WWE2K\Profilbilder\Active\NJPW\Hartley Jackson '25.png
Harutoki;C:\Users\Ade19\Documents\WWE2K\Profilbilder\Active\NOAH\Harutoki '26.png
Haven Harris;C:\Users\Ade19\Documents\WWE2K\Profilbilder\Active\INDY\Haven Harris '25.png
Hawk '92;C:\Users\Ade19\Documents\WWE2K\Profilbilder\Archiv\1997\Hawk '97.png
HAYATA;C:\Users\Ade19\Documents\WWE2K\Profilbilder\Active\NOAH\HAYATA '26.png
Hazuki;C:\Users\Ade19\Documents\WWE2K\Profilbilder\Active\STARDOM\Hazuki '26.png
Heather by Elegance;C:\Users\Ade19\Documents\WWE2K\Profilbilder\Active\TNA\Heather by Elegance '25.png
Hechicero;C:\Users\Ade19\Documents\WWE2K\Profilbilder\Active\AEW\Dynamite\Hechicero '25.png
HENARE;C:\Users\Ade19\Documents\WWE2K\Profilbilder\Active\NJPW\HENARE '26.png
Hi69;C:\Users\Ade19\Documents\WWE2K\Profilbilder\Active\NOAH\Hi69 '26.png
Hideki Okatani;C:\Users\Ade19\Documents\WWE2K\Profilbilder\Active\DDT\Hideki Okatani '25.png
Hideki Suzuki;C:\Users\Ade19\Documents\WWE2K\Profilbilder\Active\AJPW\Hideki Suzuki '26.png
Hikaru Sato;C:\Users\Ade19\Documents\WWE2K\Profilbilder\Active\NOAH\Hikaru Sato '26.png
Hikaru Shida;C:\Users\Ade19\Documents\WWE2K\Profilbilder\Active\AEW\Dynamite\Hikaru Shida '25.png
Hina;C:\Users\Ade19\Documents\WWE2K\Profilbilder\Active\STARDOM\Hina '26.png
Hiromu Takahashi;C:\Users\Ade19\Documents\WWE2K\Profilbilder\Active\NJPW\Hiromu Takahashi '26.png
Hirooki Goto;C:\Users\Ade19\Documents\WWE2K\Profilbilder\Active\NJPW\Hirooki Goto '26.png
Hiroshi Tanahashi;C:\Users\Ade19\Documents\WWE2K\Profilbilder\Active\NJPW\Hiroshi Tanahashi '25.png
Hiroto Tsuruya;C:\Users\Ade19\Documents\WWE2K\Profilbilder\Active\NOAH\Hiroto Tsuruya '26.png
Hiroyoshi Tenzan;C:\Users\Ade19\Documents\WWE2K\Profilbilder\Active\NJPW\Hiroyoshi Tenzan '19.png
Histeria;C:\Users\Ade19\Documents\WWE2K\Profilbilder\Active\WWE\AAA\Histeria '25.png
Ho Ho Lun;C:\Users\Ade19\Documents\WWE2K\Profilbilder\Active\Dragon Gate\Ho Ho Lun '26.png
Ho Lee;C:\Users\Ade19\Documents\WWE2K\Profilbilder\Active\Dragon Gate\Ho Lee '26.png
Hokuto Omori;C:\Users\Ade19\Documents\WWE2K\Profilbilder\Active\AJPW\Hokuto Omori '26.png
Hollywood Hogan '96;C:\Users\Ade19\Documents\WWE2K\Profilbilder\Archiv\1997\Hollywood Hogan '97.png
Hologram;C:\Users\Ade19\Documents\WWE2K\Profilbilder\Active\AEW\Dynamite\Hologram '24.png
Homare;C:\Users\Ade19\Documents\WWE2K\Profilbilder\Active\Dragon Gate\Homare '26.png
Honky Tonk Man '87;C:\Users\Ade19\Documents\WWE2K\Profilbilder\Archiv\1987\Honky Tonk Man '87.png
HOOK;C:\Users\Ade19\Documents\WWE2K\Profilbilder\Active\AEW\Dynamite\Hook '24.png
Hulk Hogan '02;C:\Users\Ade19\Documents\WWE2K\Profilbilder\Archiv\2002\Hulk Hogan '02.png
Hunter;C:\Users\Ade19\Documents\WWE2K\Profilbilder\Active\NWA\Hunter '26.png
Hyan;C:\Users\Ade19\Documents\WWE2K\Profilbilder\Active\AEW\Dynamite\Hyan '26.png
Hyo;C:\Users\Ade19\Documents\WWE2K\Profilbilder\Active\Dragon Gate\Hyo '26.png
Ikuro Kwon;C:\Users\Ade19\Documents\WWE2K\Profilbilder\Active\MLW\Ikuro Kwon '26.png
Ilja Dragunov;C:\Users\Ade19\Documents\WWE2K\Profilbilder\Active\WWE\Smackdown\Ilja Dragunov '25.png
Indi Hartwell;C:\Users\Ade19\Documents\WWE2K\Profilbilder\Active\TNA\Indi Hartwell '25.png
India Sioux;C:\Users\Ade19\Documents\WWE2K\Profilbilder\Active\INDY\India Sioux '25.png
Irwin R. Schyster '93;C:\Users\Ade19\Documents\WWE2K\Profilbilder\Archiv\1993\Irwin R. Schyster '93.png
ISHIN;C:\Users\Ade19\Documents\WWE2K\Profilbilder\Active\Dragon Gate\ISHIN '26.png
IShowSpeed;C:\Users\Ade19\Documents\WWE2K\Profilbilder\Archiv\Celebrity\iShowspeed '26.png
Isiah Kassidy;C:\Users\Ade19\Documents\WWE2K\Profilbilder\Active\AEW\Dynamite\Isiah Kassidy '25.png
It's GAL;C:\Users\Ade19\Documents\WWE2K\Profilbilder\Active\WWE\EVOLVE\It's GAL '23.png
Itsuki Aoki;C:\Users\Ade19\Documents\WWE2K\Profilbilder\Active\STARDOM\Aoki Itsuki '25.png
Ivar;C:\Users\Ade19\Documents\WWE2K\Profilbilder\Active\WWE\RAW\Ivar '25.png
Ivy Nile;C:\Users\Ade19\Documents\WWE2K\Profilbilder\Active\WWE\RAW\Ivy Nile '26.png
IYO SKY;C:\Users\Ade19\Documents\WWE2K\Profilbilder\Active\WWE\RAW\IYO SKY '24.png
Izzi Dame;C:\Users\Ade19\Documents\WWE2K\Profilbilder\Active\WWE\NXT\Izzi Dame '26.png
Izzy James;C:\Users\Ade19\Documents\WWE2K\Profilbilder\Active\INDY\Izzy James '25.png
Izzy Moreno;C:\Users\Ade19\Documents\WWE2K\Profilbilder\Active\INDY\Izzy Moreno '25.png
Jacari Ball;C:\Users\Ade19\Documents\WWE2K\Profilbilder\Active\WWE\EVOLVE\Jacari Ball '26.png
Jack Cartwheel;C:\Users\Ade19\Documents\WWE2K\Profilbilder\Active\WWE\EVOLVE\Jack Cartwheel '25.png
Jack Doyle;C:\Users\Ade19\Documents\WWE2K\Profilbilder\Active\AEW\Dynamite\Jack Doyle '25.png
Jack Evans;C:\Users\Ade19\Documents\WWE2K\Profilbilder\Active\INDY\Jack Evans '22.png
Jack Kennedy;C:\Users\Ade19\Documents\WWE2K\Profilbilder\Active\YPW\Jack Kennedy '25.png
Jack Morris;C:\Users\Ade19\Documents\WWE2K\Profilbilder\Active\NOAH\Jack Morris '26.png
Jack Perry;C:\Users\Ade19\Documents\WWE2K\Profilbilder\Active\AEW\Dynamite\Jack Perry '25.png
Jack Vaughn;C:\Users\Ade19\Documents\WWE2K\Profilbilder\Active\NWA\Jack Vaughn '25.png
Jacked Jameson;C:\Users\Ade19\Documents\WWE2K\Profilbilder\Active\AEW\ROH\Jacked Jameson '25.png
Jackson Drake;C:\Users\Ade19\Documents\WWE2K\Profilbilder\Active\WWE\NXT\Jackson Drake '26.png
JACKY KAMEI;C:\Users\Ade19\Documents\WWE2K\Profilbilder\Active\Dragon Gate\JACKY KAMEI '26.png
Jacob Fatu;C:\Users\Ade19\Documents\WWE2K\Profilbilder\Active\WWE\Smackdown\Jacob Fatu '26.png
Jacy Jayne;C:\Users\Ade19\Documents\WWE2K\Profilbilder\Active\WWE\Smackdown\Jacy Jayne '26.png
Jada Stone;C:\Users\Ade19\Documents\WWE2K\Profilbilder\Active\TNA\Jada Stone '25.png
Jade Cargill;C:\Users\Ade19\Documents\WWE2K\Profilbilder\Active\WWE\Smackdown\Jade Cargill '24.png
Jado;C:\Users\Ade19\Documents\WWE2K\Profilbilder\Active\NJPW\Jado '25.png
JAH-C;C:\Users\Ade19\Documents\WWE2K\Profilbilder\Active\INDY\JAH-C '21.png
Jaida Parker;C:\Users\Ade19\Documents\WWE2K\Profilbilder\Active\WWE\NXT\Jaida Parker '25.png
Jake Lee;C:\Users\Ade19\Documents\WWE2K\Profilbilder\Active\NJPW\Jake Lee '26.png
Jake 'The Snake' Roberts '88;C:\Users\Ade19\Documents\WWE2K\Profilbilder\Archiv\1988\Jake “The Snake” Roberts '88.png
Jakob Austin Young;C:\Users\Ade19\Documents\WWE2K\Profilbilder\Active\NJPW\Jakob Austin Young '26.png
Jamal '03;C:\Users\Ade19\Documents\WWE2K\Profilbilder\Archiv\2003\Jamal '03.png
James Drake;C:\Users\Ade19\Documents\WWE2K\Profilbilder\Active\AEW\Dynamite\James Drake '25.png
Jamie Hayter;C:\Users\Ade19\Documents\WWE2K\Profilbilder\Active\AEW\Dynamite\Jamie Hayter '25.png
Janai Kai;C:\Users\Ade19\Documents\WWE2K\Profilbilder\Active\INDY\Janai Kai '24.png
Jared Thumb;C:\Users\Ade19\Documents\WWE2K\Profilbilder\Active\INDY\Jared Thumb '25.png
Jason Hotch;C:\Users\Ade19\Documents\WWE2K\Profilbilder\Active\TNA\Jason Hotch '25.png
Jason Lee ;C:\Users\Ade19\Documents\WWE2K\Profilbilder\Active\Dragon Gate\Jason Lee  '26.png
Jasper Troy;C:\Users\Ade19\Documents\WWE2K\Profilbilder\Active\WWE\NXT\Jasper Troy '25.png
Jax Presley;C:\Users\Ade19\Documents\WWE2K\Profilbilder\Active\WWE\EVOLVE\Jax Presley '25.png
Jay Lethal;C:\Users\Ade19\Documents\WWE2K\Profilbilder\Active\AEW\Dynamite\Jay Lethal '25.png
Jay White;C:\Users\Ade19\Documents\WWE2K\Profilbilder\Active\AEW\Dynamite\Jay White '25.png
Jazmyn Nyx;C:\Users\Ade19\Documents\WWE2K\Profilbilder\Active\INDY\Jazmyn Nyx '25.png
Jazzy Kennedy;C:\Users\Ade19\Documents\WWE2K\Profilbilder\Active\INDY\Jazzy Kennedy '25.png
Jazzy Yang;C:\Users\Ade19\Documents\WWE2K\Profilbilder\Active\INDY\Jazzy Yang '25.png
JBL '04;C:\Users\Ade19\Documents\WWE2K\Profilbilder\Archiv\2006\JBL '06.png
JC Mateo;C:\Users\Ade19\Documents\WWE2K\Profilbilder\Active\WWE\Smackdown\JC Mateo '26.png
JD Drake;C:\Users\Ade19\Documents\WWE2K\Profilbilder\Active\AEW\ROH\JD Drake '25.png
JD McDonagh;C:\Users\Ade19\Documents\WWE2K\Profilbilder\Active\WWE\RAW\JD McDonagh '25.png
JDC;C:\Users\Ade19\Documents\WWE2K\Profilbilder\Active\TNA\JDC '25.png
Jean-Paul Levesque '94;C:\Users\Ade19\Documents\WWE2K\Profilbilder\Archiv\1994\Jean Paul Levesque '94.png
Jeff Hardy;C:\Users\Ade19\Documents\WWE2K\Profilbilder\Active\TNA\Jeff Hardy '25.png
Jeff Jarrett;C:\Users\Ade19\Documents\WWE2K\Profilbilder\Active\AEW\Dynamite\Jeff Jarrett '25.png
Jelly Roll;C:\Users\Ade19\Documents\WWE2K\Profilbilder\Archiv\Celebrity\Jelly Roll '26.png
Jeremiah Plunkett;C:\Users\Ade19\Documents\WWE2K\Profilbilder\Active\NWA\Jeremiah Plunkett '25.png
Jesse 'The Body' Ventura '85;C:\Users\Ade19\Documents\WWE2K\Profilbilder\Archiv\1991\Jesse Ventura '91.png
Jessie McKay;C:\Users\Ade19\Documents\WWE2K\Profilbilder\Active\AEW\Dynamite\Jessie McKay '25.png
Jessy Queen;C:\Users\Ade19\Documents\WWE2K\Profilbilder\Active\WWE\AAA\Jessy Queen '25.png
Jesus Rodriguez;C:\Users\Ade19\Documents\WWE2K\Profilbilder\Active\MLW\Jesus Rodriguez '23.png
Je'Von Evans;C:\Users\Ade19\Documents\WWE2K\Profilbilder\Active\WWE\RAW\Je'Von Evans '26.png
Jey Uso;C:\Users\Ade19\Documents\WWE2K\Profilbilder\Active\WWE\RAW\Jey Uso '25.png
JGU;C:\Users\Ade19\Documents\WWE2K\Profilbilder\Active\INDY\JGU '26.png
Jim “The Anvil” Neidhart '96;C:\Users\Ade19\Documents\WWE2K\Profilbilder\Archiv\1989\Jim “The Anvil” Neidhart '89.png
Jimmy Hart '89;C:\Users\Ade19\Documents\WWE2K\Profilbilder\Archiv\1987\Jimmy Hart '87.png
Jimmy Uso;C:\Users\Ade19\Documents\WWE2K\Profilbilder\Active\WWE\RAW\Jimmy Uso '24.png
Jinder Mahal '23;C:\Users\Ade19\Documents\WWE2K\Profilbilder\Archiv\2023\Jinder Mahal 23.png
Jiro Shimbashi;C:\Users\Ade19\Documents\WWE2K\Profilbilder\Active\Dragon Gate\Jiro Shimbashi '26.png
Joaquin Wilde;C:\Users\Ade19\Documents\WWE2K\Profilbilder\Active\WWE\RAW\Joaquin Wilde '22.png
Jody Threat;C:\Users\Ade19\Documents\WWE2K\Profilbilder\Active\TNA\Jody Threat '25.png
Joe Cazana;C:\Users\Ade19\Documents\WWE2K\Profilbilder\Active\NWA\Joe Cazana '26.png
Joe Coffey;C:\Users\Ade19\Documents\WWE2K\Profilbilder\Active\MLW\Joe Coffey '26.png
Joe Gacy;C:\Users\Ade19\Documents\WWE2K\Profilbilder\Active\INDY\Joe Gacy '24.png
Joe Hendry;C:\Users\Ade19\Documents\WWE2K\Profilbilder\Active\WWE\RAW\Joe Hendry '25.png
Joe Lando;C:\Users\Ade19\Documents\WWE2K\Profilbilder\Active\INDY\Joe Lando '26.png
Joey Janela;C:\Users\Ade19\Documents\WWE2K\Profilbilder\Active\INDY\Joey Janela '26.png
John Cena;C:\Users\Ade19\Documents\WWE2K\Profilbilder\Archiv\2025\John Cena '25.png
John Silver;C:\Users\Ade19\Documents\WWE2K\Profilbilder\Active\AEW\Dynamite\John Silver '25.png
John Skyler;C:\Users\Ade19\Documents\WWE2K\Profilbilder\Active\TNA\John Skyler '25.png
Johnnie Robbie;C:\Users\Ade19\Documents\WWE2K\Profilbilder\Active\INDY\Johnnie Robbie '25.png
Johnny Gargano;C:\Users\Ade19\Documents\WWE2K\Profilbilder\Active\WWE\Smackdown\Johnny Gargano '24.png
Johnny TV;C:\Users\Ade19\Documents\WWE2K\Profilbilder\Active\AEW\Dynamite\Johnny TV '26.png
Johnson Florida;C:\Users\Ade19\Documents\WWE2K\Profilbilder\Active\Dragon Gate\Johnson Florida '26.png
Jon Moxley;C:\Users\Ade19\Documents\WWE2K\Profilbilder\Active\AEW\Dynamite\Jon Moxley '25.png
Jordan Blade;C:\Users\Ade19\Documents\WWE2K\Profilbilder\Active\INDY\Jordan Blade '26.png
Jordan Oliver;C:\Users\Ade19\Documents\WWE2K\Profilbilder\Active\AEW\Dynamite\Jordan Oliver '25.png
Jordynne Grace;C:\Users\Ade19\Documents\WWE2K\Profilbilder\Active\WWE\Smackdown\Jordynne Grace '26.png
Jorel Nelson;C:\Users\Ade19\Documents\WWE2K\Profilbilder\Active\NJPW\Jorel Nelson '23.png
Josh Alexander;C:\Users\Ade19\Documents\WWE2K\Profilbilder\Active\AEW\Dynamite\Josh Alexander '25.png
Josh Bishop;C:\Users\Ade19\Documents\WWE2K\Profilbilder\Active\MLW\Josh Bishop '25.png
Josh Briggs;C:\Users\Ade19\Documents\WWE2K\Profilbilder\Active\WWE\NXT\Josh Briggs '25.png
Josh Woods;C:\Users\Ade19\Documents\WWE2K\Profilbilder\Active\AEW\Dynamite\Josh Woods '25.png
Josiah Jean;C:\Users\Ade19\Documents\WWE2K\Profilbilder\Active\INDY\Josiah Jean '24.png
J-Rod;C:\Users\Ade19\Documents\WWE2K\Profilbilder\Active\OVW\J-Rod '26.png
Judas Icarus;C:\Users\Ade19\Documents\WWE2K\Profilbilder\Active\TNA\Judas Icarus '25.png
Juice Robinson;C:\Users\Ade19\Documents\WWE2K\Profilbilder\Active\AEW\Dynamite\Juice Robinson '25.png
Julia Hart;C:\Users\Ade19\Documents\WWE2K\Profilbilder\Active\AEW\Dynamite\Julia Hart '24.png
Julius Creed;C:\Users\Ade19\Documents\WWE2K\Profilbilder\Active\WWE\RAW\Julius Creed '25.png
Jun Akiyama;C:\Users\Ade19\Documents\WWE2K\Profilbilder\Active\NOAH\Jun Akiyama '26.png
Jun Masaoka;C:\Users\Ade19\Documents\WWE2K\Profilbilder\Active\NOAH\Jun Masaoka '26.png
Jun Saito;C:\Users\Ade19\Documents\WWE2K\Profilbilder\Active\AJPW\Jun Saito '25.png
Junkyard Dog '88;C:\Users\Ade19\Documents\WWE2K\Profilbilder\Archiv\1985\Junkyard Dog '85.png
Junta Miyawaki;C:\Users\Ade19\Documents\WWE2K\Profilbilder\Active\NOAH\Junta Miyawaki '26.png
Junya Matsunaga;C:\Users\Ade19\Documents\WWE2K\Profilbilder\Active\ZERO1\Junya Matsunaga '26.png
Jushin Thunder Liger;C:\Users\Ade19\Documents\WWE2K\Profilbilder\Active\NJPW\Jushin Thunder Liger '19.png
Kagetora;C:\Users\Ade19\Documents\WWE2K\Profilbilder\Active\Dragon Gate\Kagetora '26.png
KAI;C:\Users\Ade19\Documents\WWE2K\Profilbilder\Active\Dragon Gate\KAI '26.png
Kai Fujimura;C:\Users\Ade19\Documents\WWE2K\Profilbilder\Active\NOAH\Kai Fujimura '26.png
Kai Kavari;C:\Users\Ade19\Documents\WWE2K\Profilbilder\Active\WWE\EVOLVE\Kai Kavari '25.png
Kaia McKenna;C:\Users\Ade19\Documents\WWE2K\Profilbilder\Active\INDY\Kaia McKenna '26.png
Kairi Sane;C:\Users\Ade19\Documents\WWE2K\Profilbilder\Active\INDY\Kairi Sane '26.png
Kaito Kiyomiya;C:\Users\Ade19\Documents\WWE2K\Profilbilder\Active\NOAH\Kaito Kiyomiya '26.png
Kale Dixon;C:\Users\Ade19\Documents\WWE2K\Profilbilder\Active\WWE\NXT\Kale Dixon '25.png
Kali Armstrong;C:\Users\Ade19\Documents\WWE2K\Profilbilder\Active\WWE\NXT\Kali Armstrong '26.png
Kaligua;C:\Users\Ade19\Documents\WWE2K\Profilbilder\Active\CMLL\Kaligua '25.png
Kam Hendrix;C:\Users\Ade19\Documents\WWE2K\Profilbilder\Active\WWE\EVOLVE\Anthony Luke '26.png
Kamala '84;C:\Users\Ade19\Documents\WWE2K\Profilbilder\Archiv\1984\Kamala '84.png
Kamille;C:\Users\Ade19\Documents\WWE2K\Profilbilder\Active\AEW\Dynamite\Kamille '25.png
Kane '98;C:\Users\Ade19\Documents\WWE2K\Profilbilder\Archiv\1998\Kane '98.png
Kanji;C:\Users\Ade19\Documents\WWE2K\Profilbilder\Active\INDY\Kanji '25.png
Kanyon '98;C:\Users\Ade19\Documents\WWE2K\Profilbilder\Archiv\1998\Kanyon '98.png
Karaoke Machine;C:\Users\Ade19\Documents\WWE2K\Profilbilder\Active\Dragon Gate\Karaoke Machine '26.png
Karen Jarrett;C:\Users\Ade19\Documents\WWE2K\Profilbilder\Active\AEW\Dynamite\Karen Jarrett '25.png
Karl Anderson;C:\Users\Ade19\Documents\WWE2K\Profilbilder\Active\MLW\Karl Anderson '25.png
Karmen Petrovic;C:\Users\Ade19\Documents\WWE2K\Profilbilder\Active\WWE\NXT\Karmen Petrovic '25.png
Katsumi Inahata;C:\Users\Ade19\Documents\WWE2K\Profilbilder\Active\NOAH\Katsumi Inahata '26.png
Katsuya Murashima;C:\Users\Ade19\Documents\WWE2K\Profilbilder\Active\NJPW\Katsuya Murashima '25.png
Katsuyori Shibata;C:\Users\Ade19\Documents\WWE2K\Profilbilder\Active\AEW\Dynamite\Katsuyori Shibata '25.png
Kazuchika Okada;C:\Users\Ade19\Documents\WWE2K\Profilbilder\Active\AEW\Dynamite\Kazuchika Okada '25.png
Kazuma Kimura;C:\Users\Ade19\Documents\WWE2K\Profilbilder\Active\Dragon Gate\Kazuma Kimura '26.png
Kazuma Sumi;C:\Users\Ade19\Documents\WWE2K\Profilbilder\Active\DDT\Kazuma Sumi '25.png
Kazuyuki Fujita;C:\Users\Ade19\Documents\WWE2K\Profilbilder\Active\NOAH\Kazuyuki Fujita '26.png
KC Cazana;C:\Users\Ade19\Documents\WWE2K\Profilbilder\Active\NWA\KC Cazana '26.png
KC Navarro;C:\Users\Ade19\Documents\WWE2K\Profilbilder\Active\TNA\KC Navarro '26.png
Keanu Carver;C:\Users\Ade19\Documents\WWE2K\Profilbilder\Active\WWE\NXT\Keanu Carver '26.png
Keirinman;C:\Users\Ade19\Documents\WWE2K\Profilbilder\Active\Dragon Gate\Keirinman '24.png
Keith Lee;C:\Users\Ade19\Documents\WWE2K\Profilbilder\Active\AEW\Dynamite\Keith Lee '24.png
Kelani Jordan;C:\Users\Ade19\Documents\WWE2K\Profilbilder\Active\WWE\NXT\Kelani Jordan '26.png
Kelly Kelly '06;C:\Users\Ade19\Documents\WWE2K\Profilbilder\Archiv\2006\Kelly Kelly '06.png
Ken Shamrock '97;C:\Users\Ade19\Documents\WWE2K\Profilbilder\Archiv\1998\Ken Shamrock '98.png
Kendal Grey;C:\Users\Ade19\Documents\WWE2K\Profilbilder\Active\WWE\NXT\Kendal Grey '26.png
Kenichiro Arai;C:\Users\Ade19\Documents\WWE2K\Profilbilder\Active\Dragon Gate\Kenichiro Arai '26.png
Kenny Omega;C:\Users\Ade19\Documents\WWE2K\Profilbilder\Active\AEW\Dynamite\Kenny Omega '25.png
Kenoh;C:\Users\Ade19\Documents\WWE2K\Profilbilder\Active\NOAH\Kenoh '26.png
KENTA;C:\Users\Ade19\Documents\WWE2K\Profilbilder\Active\NOAH\KENTA '26.png
Kento;C:\Users\Ade19\Documents\WWE2K\Profilbilder\Active\WWE\AAA\Kento '25.png
Kento Miyahara;C:\Users\Ade19\Documents\WWE2K\Profilbilder\Active\AJPW\Kento Miyahara '26.png
Kenzie Paige;C:\Users\Ade19\Documents\WWE2K\Profilbilder\Active\NWA\Kenzie Paige '26.png
Kerry Morton;C:\Users\Ade19\Documents\WWE2K\Profilbilder\Active\NWA\Kerry Morton '26.png
Kevin Blackwood;C:\Users\Ade19\Documents\WWE2K\Profilbilder\Archiv\2025\Kevin Blackwood '25.png
Kevin Gutierrez;C:\Users\Ade19\Documents\WWE2K\Profilbilder\Active\INDY\Kevin Gutierrez '26.png
Kevin Knight;C:\Users\Ade19\Documents\WWE2K\Profilbilder\Active\AEW\Dynamite\Kevin Knight '26.png
Kevin Ku;C:\Users\Ade19\Documents\WWE2K\Profilbilder\Active\INDY\Kevin Ku '25.png
Kevin Nash '02;C:\Users\Ade19\Documents\WWE2K\Profilbilder\Archiv\1997\Kevin Nash '97.png
Kevin Owens;C:\Users\Ade19\Documents\WWE2K\Profilbilder\Active\WWE\Smackdown\Kevin Owens '22.png
Kevin Thorne '06;C:\Users\Ade19\Documents\WWE2K\Profilbilder\Archiv\2006\Kevin Thorne '06.png
Kharma '10;C:\Users\Ade19\Documents\WWE2K\Profilbilder\Archiv\2010\Kharma '10.png
Kiana James;C:\Users\Ade19\Documents\WWE2K\Profilbilder\Active\WWE\Smackdown\Kiana James '25.png
Kieron Lacey;C:\Users\Ade19\Documents\WWE2K\Profilbilder\Active\NOAH\Kieron Lacey '26.png
Kikyo Furusawa;C:\Users\Ade19\Documents\WWE2K\Profilbilder\Active\STARDOM\Kikyo Furusawa '25.png
Killer Kelly;C:\Users\Ade19\Documents\WWE2K\Profilbilder\Active\INDY\Killer Kelly '26.png
Killer Kross;C:\Users\Ade19\Documents\WWE2K\Profilbilder\Active\MLW\Killer Kross '26.png
KiLynn King;C:\Users\Ade19\Documents\WWE2K\Profilbilder\Active\TNA\KiLynn King '25.png
King Kong Bundy '86;C:\Users\Ade19\Documents\WWE2K\Profilbilder\Archiv\1986\King Kong Bundy '86.png
Kingsley;C:\Users\Ade19\Documents\WWE2K\Profilbilder\Active\INDY\Kingsley '26.png
Kip Sabian;C:\Users\Ade19\Documents\WWE2K\Profilbilder\Active\AEW\Dynamite\Kip Sabian '24.png
Kira;C:\Users\Ade19\Documents\WWE2K\Profilbilder\Active\CMLL\Kira '26.png
Kit Wilson;C:\Users\Ade19\Documents\WWE2K\Profilbilder\Active\WWE\Smackdown\Kit Wilson '26.png
KJ Orso;C:\Users\Ade19\Documents\WWE2K\Profilbilder\Active\INDY\KJ Orso '26.png
Knull;C:\Users\Ade19\Documents\WWE2K\Profilbilder\Active\NOAH\Knull '26.png
Kofi Kingston;C:\Users\Ade19\Documents\WWE2K\Profilbilder\Active\WWE\RAW\Kofi Kingston '25.png
Koguma;C:\Users\Ade19\Documents\WWE2K\Profilbilder\Active\STARDOM\Koguma '26.png
Kohei Kinoshita;C:\Users\Ade19\Documents\WWE2K\Profilbilder\Active\NOAH\Kohei Kinoshita '25.png
Koji Iwamoto;C:\Users\Ade19\Documents\WWE2K\Profilbilder\Active\NOAH\Koji Iwamoto '26.png
Komander;C:\Users\Ade19\Documents\WWE2K\Profilbilder\Active\AEW\ROH\Komander '25.png
Konami;C:\Users\Ade19\Documents\WWE2K\Profilbilder\Active\STARDOM\Konami '26.png
Konosuke Takeshita;C:\Users\Ade19\Documents\WWE2K\Profilbilder\Active\AEW\Dynamite\Konosuke Takeshita '25.png
Kosei Fujita;C:\Users\Ade19\Documents\WWE2K\Profilbilder\Active\NJPW\Kosei Fujita '25.png
Kota Ibushi;C:\Users\Ade19\Documents\WWE2K\Profilbilder\Active\AEW\Dynamite\Kota Ibushi '25.png
Kota Minoura;C:\Users\Ade19\Documents\WWE2K\Profilbilder\Active\Dragon Gate\Kota Minoura '26.png
Kouki Amarei;C:\Users\Ade19\Documents\WWE2K\Profilbilder\Active\NOAH\Kouki Amarei '26.png
Kratos;C:\Users\Ade19\Documents\WWE2K\Profilbilder\Active\NWA\Kratos '25.png
Kris Statlander;C:\Users\Ade19\Documents\WWE2K\Profilbilder\Active\AEW\Dynamite\Kris Statlander '26.png
Kristara;C:\Users\Ade19\Documents\WWE2K\Profilbilder\Active\INDY\Kristara '26.png
Kristin Blaze;C:\Users\Ade19\Documents\WWE2K\Profilbilder\Active\INDY\Kristin Blaze '25.png
Krule;C:\Users\Ade19\Documents\WWE2K\Profilbilder\Active\MLW\Mads Krule Krüger '26.png
Kuma Arashi;C:\Users\Ade19\Documents\WWE2K\Profilbilder\Active\INDY\Kuma Arashi '26.png
Kuro;C:\Users\Ade19\Documents\WWE2K\Profilbilder\Active\INDY\Kuro '26.png
Kuroshio Tokyo Japan;C:\Users\Ade19\Documents\WWE2K\Profilbilder\Active\Up Town\Kuroshio Tokyo Japan '26.png
Kurt Angle '02;C:\Users\Ade19\Documents\WWE2K\Profilbilder\Archiv\2002\Kurt Angle '02.png
KUSHIDA;C:\Users\Ade19\Documents\WWE2K\Profilbilder\Active\NJPW\KUSHIDA '23.png
Kyle Fletcher;C:\Users\Ade19\Documents\WWE2K\Profilbilder\Active\AEW\Dynamite\Kyle Fletcher '25.png
Kyle O'Reilly;C:\Users\Ade19\Documents\WWE2K\Profilbilder\Active\AEW\Dynamite\Kyle O'Reilly '25.png
Kylie Paige;C:\Users\Ade19\Documents\WWE2K\Profilbilder\Active\NWA\Kylie Paige '26.png
Kzy;C:\Users\Ade19\Documents\WWE2K\Profilbilder\Active\Dragon Gate\Kzy '26.png
La Catalina;C:\Users\Ade19\Documents\WWE2K\Profilbilder\Active\CMLL\La Catalina '26.png
La Estrella;C:\Users\Ade19\Documents\WWE2K\Profilbilder\Active\Dragon Gate\La Estrella '26.png
La Hiedra;C:\Users\Ade19\Documents\WWE2K\Profilbilder\Active\WWE\AAA\La Hiedra '26.png
La Jarochita;C:\Users\Ade19\Documents\WWE2K\Profilbilder\Active\CMLL\La Jarochita '25.png
LA Knight;C:\Users\Ade19\Documents\WWE2K\Profilbilder\Active\WWE\RAW\LA Knight '22.png
La Metálica;C:\Users\Ade19\Documents\WWE2K\Profilbilder\Active\CMLL\La Metálica '25.png
La Parka;C:\Users\Ade19\Documents\WWE2K\Profilbilder\Active\WWE\AAA\La Parka '26.png
LaBron Kozone;C:\Users\Ade19\Documents\WWE2K\Profilbilder\Active\MLW\LaBron Kozone '25.png
Lacey Lane;C:\Users\Ade19\Documents\WWE2K\Profilbilder\Active\AEW\Free\Lacey Lane '25.png
Lady C;C:\Users\Ade19\Documents\WWE2K\Profilbilder\Active\STARDOM\Lady C '26.png
Lady Frost;C:\Users\Ade19\Documents\WWE2K\Profilbilder\Active\AEW\ROH\Lady Frost '25.png
Lady Maravilla;C:\Users\Ade19\Documents\WWE2K\Profilbilder\Active\WWE\AAA\Lady Maravilla '26.png
Lady Shani;C:\Users\Ade19\Documents\WWE2K\Profilbilder\Active\WWE\AAA\Lady Shani '25.png
Lainey Reid;C:\Users\Ade19\Documents\WWE2K\Profilbilder\Active\WWE\Smackdown\Lainey Reed '25.png
Lana Austin;C:\Users\Ade19\Documents\WWE2K\Profilbilder\Active\INDY\Lana Austin '26.png
Lance Anoa'i;C:\Users\Ade19\Documents\WWE2K\Profilbilder\Active\INDY\Lance Anoa'i '25.png
Lance Archer;C:\Users\Ade19\Documents\WWE2K\Profilbilder\Active\AEW\Dynamite\Lance Archer '25.png
Laredo Kid;C:\Users\Ade19\Documents\WWE2K\Profilbilder\Active\WWE\AAA\Laredo Kid '25.png
Lash Legend;C:\Users\Ade19\Documents\WWE2K\Profilbilder\Active\WWE\Smackdown\Lash Legend '25.png
Laurie Carlson;C:\Users\Ade19\Documents\WWE2K\Profilbilder\Active\INDY\Laurie Carlson '25.png
Layla Diggs;C:\Users\Ade19\Documents\WWE2K\Profilbilder\Active\WWE\EVOLVE\Layla Diggs '25.png
Laynie Luck;C:\Users\Ade19\Documents\WWE2K\Profilbilder\Active\WWE\EVOLVE\Laynie Luck '26.png
Lee Johnson;C:\Users\Ade19\Documents\WWE2K\Profilbilder\Active\AEW\ROH\Lee Johnson '25.png
Lee Moriarty;C:\Users\Ade19\Documents\WWE2K\Profilbilder\Active\AEW\ROH\Lee Moriarty '25.png
Léi Ying Lee;C:\Users\Ade19\Documents\WWE2K\Profilbilder\Active\TNA\Léi Ying Lee '26.png
Leila Grey;C:\Users\Ade19\Documents\WWE2K\Profilbilder\Active\AEW\Dynamite\Leila Grey '25.png
Lena Kross;C:\Users\Ade19\Documents\WWE2K\Profilbilder\Active\AEW\Dynamite\Lena Kross '26.png
Leon Cage;C:\Users\Ade19\Documents\WWE2K\Profilbilder\Active\INDY\Leon Cage '24.png
Leon Slater;C:\Users\Ade19\Documents\WWE2K\Profilbilder\Active\WWE\NXT\Leon Slater '24.png
Lev;C:\Users\Ade19\Documents\WWE2K\Profilbilder\Active\NWA\Lev '26.png
Lex Luger '95;C:\Users\Ade19\Documents\WWE2K\Profilbilder\Archiv\1993\Lex Luger '93.png
Lexis King;C:\Users\Ade19\Documents\WWE2K\Profilbilder\Active\WWE\NXT\Lexis King '25.png
Lil Marz;C:\Users\Ade19\Documents\WWE2K\Profilbilder\Active\INDY\Lil Marz '26.png
Lili Ruiz;C:\Users\Ade19\Documents\WWE2K\Profilbilder\Active\INDY\Lili Ruiz '25.png
Lince Dorado;C:\Users\Ade19\Documents\WWE2K\Profilbilder\Active\WWE\Free\Lince Dorado '18.png
Lindsey Carlson;C:\Users\Ade19\Documents\WWE2K\Profilbilder\Active\INDY\Lindsey Carlson '25.png
Lio Rush;C:\Users\Ade19\Documents\WWE2K\Profilbilder\Active\AEW\Dynamite\Lio Rush '26.png
Lita;C:\Users\Ade19\Documents\WWE2K\Profilbilder\Archiv\2022\Lita '22.png
Liv Morgan;C:\Users\Ade19\Documents\WWE2K\Profilbilder\Active\WWE\RAW\Liv Morgan '26.png
Lizzy Rain;C:\Users\Ade19\Documents\WWE2K\Profilbilder\Active\WWE\NXT\Lizzy Rain '26.png
Lluvia;C:\Users\Ade19\Documents\WWE2K\Profilbilder\Active\CMLL\Lluvia '25.png
Lockjaw Drake;C:\Users\Ade19\Documents\WWE2K\Profilbilder\Active\NWA\Lockjaw Drake '26.png
Logan Paul;C:\Users\Ade19\Documents\WWE2K\Profilbilder\Active\WWE\RAW\Logan Paul '26.png
Lola Vice;C:\Users\Ade19\Documents\WWE2K\Profilbilder\Active\WWE\NXT\Lola Vice '26.png
Luca Crusifino;C:\Users\Ade19\Documents\WWE2K\Profilbilder\Active\INDY\Luca Crusifino '26.png
Lucas Riley;C:\Users\Ade19\Documents\WWE2K\Profilbilder\Active\INDY\Lucas Riley '26.png
Luchasaurus;C:\Users\Ade19\Documents\WWE2K\Profilbilder\Active\AEW\Dynamite\Luchasaurus '25.png
Lucien Price;C:\Users\Ade19\Documents\WWE2K\Profilbilder\Active\WWE\NXT\Lucien Price '23.png
Luciferno;C:\Users\Ade19\Documents\WWE2K\Profilbilder\Active\CMLL\Luciferno '25.png
Ludwig Kaiser;C:\Users\Ade19\Documents\WWE2K\Profilbilder\Active\WWE\RAW\Ludwig Kaiser '22.png
Luis Mante;C:\Users\Ade19\Documents\WWE2K\Profilbilder\Active\Dragon Gate\Luis Mante '26.png
Luke Jacobs;C:\Users\Ade19\Documents\WWE2K\Profilbilder\Active\INDY\Luke Jacobs '25.png
Luna Vachon '94;C:\Users\Ade19\Documents\WWE2K\Profilbilder\Archiv\1994\Luna Vachon '94.png
Luther;C:\Users\Ade19\Documents\WWE2K\Profilbilder\Active\AEW\Dynamite\Luther '25.png
Lyra Valkyria;C:\Users\Ade19\Documents\WWE2K\Profilbilder\Active\WWE\RAW\Lyra Valkyria '25.png
M by Elegance;C:\Users\Ade19\Documents\WWE2K\Profilbilder\Active\TNA\M by Elegance '25.png
M4;C:\Users\Ade19\Documents\WWE2K\Profilbilder\Active\INDY\M4 '25.png
'Macho Man' Randy Savage '88;C:\Users\Ade19\Documents\WWE2K\Profilbilder\Archiv\1987\‘Macho Man’ Randy Savage '87.png
Mad Dog Connelly;C:\Users\Ade19\Documents\WWE2K\Profilbilder\Active\INDY\Mad Dog Connelly '25.png
Maddy Morgan;C:\Users\Ade19\Documents\WWE2K\Profilbilder\Active\INDY\Maddy Morgan '26.png
Madison Marley;C:\Users\Ade19\Documents\WWE2K\Profilbilder\Active\INDY\Madison Marley '26.png
Madison Rayne;C:\Users\Ade19\Documents\WWE2K\Profilbilder\Active\AEW\Dynamite\Madison Rayne '25.png
Madoka Kikuta;C:\Users\Ade19\Documents\WWE2K\Profilbilder\Active\Dragon Gate\Madoka Kikuta '20.png
Magia Blanca;C:\Users\Ade19\Documents\WWE2K\Profilbilder\Active\CMLL\Magia Blanca '25.png
Magic Mark;C:\Users\Ade19\Documents\WWE2K\Profilbilder\Active\NJPW\Magic Mark '25.png
Maika;C:\Users\Ade19\Documents\WWE2K\Profilbilder\Active\STARDOM\Maika '25.png
Maki Itoh;C:\Users\Ade19\Documents\WWE2K\Profilbilder\Active\STARDOM\Maki Itoh '25.png
Malik Blade;C:\Users\Ade19\Documents\WWE2K\Profilbilder\Active\INDY\Malik Blade '26.png
Man Like DeReiss;C:\Users\Ade19\Documents\WWE2K\Profilbilder\Active\INDY\Man Like DeReiss '25.png
Manabu Nakanishi;C:\Users\Ade19\Documents\WWE2K\Profilbilder\Active\NJPW\Manabu Nakanishi '19.png
Manabu Soya;C:\Users\Ade19\Documents\WWE2K\Profilbilder\Active\NOAH\Manabu Soya '26.png
Mance Warner;C:\Users\Ade19\Documents\WWE2K\Profilbilder\Active\INDY\Mance Warner '25.png
Mandy Sacs '22;C:\Users\Ade19\Documents\WWE2K\Profilbilder\Archiv\2022\Mandy Sacs '22.png
Mankind '98;C:\Users\Ade19\Documents\WWE2K\Profilbilder\Archiv\1996\Mankind '96.png
Mansoor;C:\Users\Ade19\Documents\WWE2K\Profilbilder\Active\AEW\ROH\Mansoor '25.png
Mara Sadé;C:\Users\Ade19\Documents\WWE2K\Profilbilder\Active\TNA\Mara Sade '25.png
Marcela;C:\Users\Ade19\Documents\WWE2K\Profilbilder\Active\CMLL\Marcela '25.png
Marcus Mathers;C:\Users\Ade19\Documents\WWE2K\Profilbilder\Active\WWE\EVOLVE\Marcus Mathers '25.png
Marie Malenko;C:\Users\Ade19\Documents\WWE2K\Profilbilder\Active\WWE\ID\Marie Malenko '26.png
Marina Shafir;C:\Users\Ade19\Documents\WWE2K\Profilbilder\Active\AEW\ROH\Marina Shafir '25.png
Mark Briscoe;C:\Users\Ade19\Documents\WWE2K\Profilbilder\Active\AEW\ROH\Mark Briscoe '25.png
Mark Coffey;C:\Users\Ade19\Documents\WWE2K\Profilbilder\Active\MLW\Mark Coffey '25.png
Mark Davis;C:\Users\Ade19\Documents\WWE2K\Profilbilder\Active\AEW\Dynamite\Mark Davis '25.png
Mark Henry '13;C:\Users\Ade19\Documents\WWE2K\Profilbilder\Archiv\2011\Mark Henry '11.png
Mark Trew;C:\Users\Ade19\Documents\WWE2K\Profilbilder\Active\NOAH\Mark Trew '26.png
Marq Quen;C:\Users\Ade19\Documents\WWE2K\Profilbilder\Active\AEW\Dynamite\Marq Quen '25.png
Marshall von Erich;C:\Users\Ade19\Documents\WWE2K\Profilbilder\Active\AEW\ROH\Marshall von Erich '25.png
Marti Belle;C:\Users\Ade19\Documents\WWE2K\Profilbilder\Active\NWA\Marti Belle '25.png
Maryse;C:\Users\Ade19\Documents\WWE2K\Profilbilder\Active\WWE\Free\Maryse '21.png
Masa Kitamiya;C:\Users\Ade19\Documents\WWE2K\Profilbilder\Active\NOAH\Masa Kitamiya '26.png
Masaaki Mochizuki;C:\Users\Ade19\Documents\WWE2K\Profilbilder\Active\Dragon Gate\Masaaki Mochizuki '24.png
Masami Inahata;C:\Users\Ade19\Documents\WWE2K\Profilbilder\Active\DDT\Masami Inahata '26.png
Masanobu Fuchi;C:\Users\Ade19\Documents\WWE2K\Profilbilder\Active\AJPW\Masanobu Fuchi '26.png
Masato Tanaka;C:\Users\Ade19\Documents\WWE2K\Profilbilder\Active\ZERO1\Masato Tanaka '25.png
Masatora Yasuda;C:\Users\Ade19\Documents\WWE2K\Profilbilder\Active\NJPW\Masatora Yasuda '25.png
Máscara Dorada;C:\Users\Ade19\Documents\WWE2K\Profilbilder\Active\AEW\Dynamite\Mascara Dorada '25.png
Masha Slamovich;C:\Users\Ade19\Documents\WWE2K\Profilbilder\Active\INDY\Masha Slamovich '25.png
Mason Madden;C:\Users\Ade19\Documents\WWE2K\Profilbilder\Active\AEW\ROH\Mason Madden '25.png
Mason Rook;C:\Users\Ade19\Documents\WWE2K\Profilbilder\Active\WWE\NXT\Mason Rook '26.png
Master Wato;C:\Users\Ade19\Documents\WWE2K\Profilbilder\Active\NJPW\Master Wato '26.png
Masyn Holiday;C:\Users\Ade19\Documents\WWE2K\Profilbilder\Active\WWE\EVOLVE\Masyn Holiday '25.png
Mathias;C:\Users\Ade19\Documents\WWE2K\Profilbilder\Active\INDY\Mathias '25.png
Matoi Hamabe;C:\Users\Ade19\Documents\WWE2K\Profilbilder\Active\STARDOM\Matoi Hamabe '26.png
Matt Cardona;C:\Users\Ade19\Documents\WWE2K\Profilbilder\Active\WWE\Smackdown\Matt Cardona '26.png
Matt Hardy;C:\Users\Ade19\Documents\WWE2K\Profilbilder\Active\TNA\Matt Hardy '25.png
Matt Menard;C:\Users\Ade19\Documents\WWE2K\Profilbilder\Active\AEW\Dynamite\Matt Menard '25.png
Matt Riddle;C:\Users\Ade19\Documents\WWE2K\Profilbilder\Active\MLW\Matt Riddle '24.png
Matt Sydal;C:\Users\Ade19\Documents\WWE2K\Profilbilder\Active\AEW\Dynamite\Matt Sydal '25.png
Matt Tremont;C:\Users\Ade19\Documents\WWE2K\Profilbilder\Active\INDY\Matt Tremont '25.png
Matthew Jackson;C:\Users\Ade19\Documents\WWE2K\Profilbilder\Active\AEW\Dynamite\Matthew Jackson '25.png
Matthew Justice;C:\Users\Ade19\Documents\WWE2K\Profilbilder\Active\MLW\Matthew Justice '21.png
Max Abrams;C:\Users\Ade19\Documents\WWE2K\Profilbilder\Active\WWE\EVOLVE\Max Abrams '25.png
Max Caster;C:\Users\Ade19\Documents\WWE2K\Profilbilder\Active\AEW\Dynamite\Max Caster '25.png
Maxxine Dupri;C:\Users\Ade19\Documents\WWE2K\Profilbilder\Active\WWE\RAW\Maxxine Dupri '25.png
Maya World;C:\Users\Ade19\Documents\WWE2K\Profilbilder\Active\AEW\Dynamite\Maya World '26.png
Mayu Iwatani;C:\Users\Ade19\Documents\WWE2K\Profilbilder\Active\Marigold\Mayu Iwatani '25.png
Mazzerati;C:\Users\Ade19\Documents\WWE2K\Profilbilder\Active\INDY\Mazzerati '26.png
Mecha Wolf;C:\Users\Ade19\Documents\WWE2K\Profilbilder\Active\WWE\AAA\Mecha Wolf '25.png
Megan Bayne;C:\Users\Ade19\Documents\WWE2K\Profilbilder\Active\AEW\Dynamite\Megan Bayne '25.png
Meghan Walker;C:\Users\Ade19\Documents\WWE2K\Profilbilder\Active\WWE\ID\Meghan Walker '26.png
Mei Seira;C:\Users\Ade19\Documents\WWE2K\Profilbilder\Active\STARDOM\Mei Seira '25.png
Melissa Fierce;C:\Users\Ade19\Documents\WWE2K\Profilbilder\Active\INDY\Melissa Fierce '25.png
Mephisto;C:\Users\Ade19\Documents\WWE2K\Profilbilder\Active\CMLL\Mephisto '25.png
Mercedes Mone;C:\Users\Ade19\Documents\WWE2K\Profilbilder\Active\AEW\Dynamite\Mercedes Mone '25.png
Mia Sweets;C:\Users\Ade19\Documents\WWE2K\Profilbilder\Active\INDY\Mia Sweets '26.png
Michael Oku;C:\Users\Ade19\Documents\WWE2K\Profilbilder\Active\INDY\Michael Oku '25.png
Michelle McCool '09;C:\Users\Ade19\Documents\WWE2K\Profilbilder\Archiv\2009\Michelle McCool '09.png
Michin;C:\Users\Ade19\Documents\WWE2K\Profilbilder\Active\WWE\Smackdown\Michin '26.png
Mick Foley '17;C:\Users\Ade19\Documents\WWE2K\Profilbilder\Archiv\2017\Mick Foley '17.png
Mickie James;C:\Users\Ade19\Documents\WWE2K\Profilbilder\Active\WWE\Staff\Mickie James '24.png
Midori Takahashi;C:\Users\Ade19\Documents\WWE2K\Profilbilder\Active\NOAH\Midori Takahashi '26.png
Mika Iwata;C:\Users\Ade19\Documents\WWE2K\Profilbilder\Active\Sendai Girls\Mika Iwata '26.png
Mike Bennett;C:\Users\Ade19\Documents\WWE2K\Profilbilder\Active\AEW\ROH\Mike Bennett '24.png
Mike Knox;C:\Users\Ade19\Documents\WWE2K\Profilbilder\Active\NWA\Mike Knox '26.png
Mike Mondo;C:\Users\Ade19\Documents\WWE2K\Profilbilder\Active\NWA\Mike Mondo '25.png
Mike Santana;C:\Users\Ade19\Documents\WWE2K\Profilbilder\Active\TNA\Mike Santana '25.png
Mikey Nicholls;C:\Users\Ade19\Documents\WWE2K\Profilbilder\Active\NJPW\Mikey Nicholls '24.png
Miku Aono;C:\Users\Ade19\Documents\WWE2K\Profilbilder\Active\Marigold\Miku Aono '26.png
Mila Moore;C:\Users\Ade19\Documents\WWE2K\Profilbilder\Active\TNA\Mila Moore '25.png
Mila Smidt;C:\Users\Ade19\Documents\WWE2K\Profilbilder\Active\INDY\Mila Smidt '26.png
Mims;C:\Users\Ade19\Documents\WWE2K\Profilbilder\Active\NWA\Mims '26.png
Mina Shirakawa;C:\Users\Ade19\Documents\WWE2K\Profilbilder\Active\AEW\ROH\Mina Shirakawa '25.png
Miss Elizabeth '98;C:\Users\Ade19\Documents\WWE2K\Profilbilder\Archiv\1998\Miss Elizabeth '98.png
Mistico;C:\Users\Ade19\Documents\WWE2K\Profilbilder\Active\NJPW\Mistico '23.png
Miu Watanabe;C:\Users\Ade19\Documents\WWE2K\Profilbilder\Active\TJPW\Miu Watanabe '26.png
Miyu Amasaki;C:\Users\Ade19\Documents\WWE2K\Profilbilder\Active\STARDOM\Miyu Amasaki '25.png
Miyu Yamashita;C:\Users\Ade19\Documents\WWE2K\Profilbilder\Active\TJPW\Miyu Yamashita '26.png
Mizuki;C:\Users\Ade19\Documents\WWE2K\Profilbilder\Active\TJPW\Mizuki '26.png
MJF;C:\Users\Ade19\Documents\WWE2K\Profilbilder\Active\AEW\Dynamite\MJF '25.png
Mochizuki Jr.;C:\Users\Ade19\Documents\WWE2K\Profilbilder\Active\Dragon Gate\Mochizuki Jr. '26.png
Mohammed Yone;C:\Users\Ade19\Documents\WWE2K\Profilbilder\Active\NOAH\Mohammed Yone '26.png
Molly Holly '04;C:\Users\Ade19\Documents\WWE2K\Profilbilder\Archiv\2004\Molly Holly '04.png
Momo Kohgo;C:\Users\Ade19\Documents\WWE2K\Profilbilder\Active\STARDOM\Momo Kohgo '25.png
Momo Watanabe;C:\Users\Ade19\Documents\WWE2K\Profilbilder\Active\STARDOM\Momo Watanabe '25.png
Monster Clown;C:\Users\Ade19\Documents\WWE2K\Profilbilder\Active\WWE\AAA\Monster Clown '24.png
Montez Ford;C:\Users\Ade19\Documents\WWE2K\Profilbilder\Active\WWE\Smackdown\Montez Ford '24.png
Moose;C:\Users\Ade19\Documents\WWE2K\Profilbilder\Active\TNA\Moose '25.png
Mordecai '04;C:\Users\Ade19\Documents\WWE2K\Profilbilder\Archiv\2004\Mordecai '04.png
Mosh '97;C:\Users\Ade19\Documents\WWE2K\Profilbilder\Archiv\1997\Mosh 97'.png
Mother Wayne;C:\Users\Ade19\Documents\WWE2K\Profilbilder\Active\AEW\Dynamite\Mother Wayne '26.png
Mozuku Tominaga;C:\Users\Ade19\Documents\WWE2K\Profilbilder\Active\Dragon Gate\Mozuku Tominaga '26.png
Mr. Elegance;C:\Users\Ade19\Documents\WWE2K\Profilbilder\Active\TNA\Mr. Elegance '26.png
Mr. Fuji '86;C:\Users\Ade19\Documents\WWE2K\Profilbilder\Archiv\1986\Mr. Fuji '86.png
Mr. Iguana;C:\Users\Ade19\Documents\WWE2K\Profilbilder\Active\WWE\AAA\Mr. Iguana '25.png
Mr. Kennedy '09;C:\Users\Ade19\Documents\WWE2K\Profilbilder\Archiv\2009\Mr. Kennedy '09.png
Mr. Perfect '92;C:\Users\Ade19\Documents\WWE2K\Profilbilder\Archiv\1990\'Mr. Perfect' Curt Hennig '90.png
Mr. Thomas;C:\Users\Ade19\Documents\WWE2K\Profilbilder\Active\MLW\Mr. Thomas '25.png
'Mr. Wonderful' Paul Orndorff '88;C:\Users\Ade19\Documents\WWE2K\Profilbilder\Archiv\1976\Paul Orndorff '76.png
Ms. Starr;C:\Users\Ade19\Documents\WWE2K\Profilbilder\Active\NWA\Ms. Starr '26.png
Murder Clown;C:\Users\Ade19\Documents\WWE2K\Profilbilder\Active\WWE\AAA\Murder Clown '24.png
MUSASHI;C:\Users\Ade19\Documents\WWE2K\Profilbilder\Active\AJPW\MUSASHI '26.png
Mustafa Ali;C:\Users\Ade19\Documents\WWE2K\Profilbilder\Active\TNA\Mustafa Ali '25.png
MVP;C:\Users\Ade19\Documents\WWE2K\Profilbilder\Active\AEW\Dynamite\MVP '25.png
Myka Lockwood;C:\Users\Ade19\Documents\WWE2K\Profilbilder\Active\WWE\NXT\Myka Lockwood '26.png
Myla Grace;C:\Users\Ade19\Documents\WWE2K\Profilbilder\Active\TNA\Myla Grace '25.png
Myles Borne;C:\Users\Ade19\Documents\WWE2K\Profilbilder\Active\WWE\NXT\Myles Borne '25.png
Myron Reed;C:\Users\Ade19\Documents\WWE2K\Profilbilder\Active\AEW\Dynamite\Myron Reed '26.png
Myzteziz Jr.;C:\Users\Ade19\Documents\WWE2K\Profilbilder\Active\WWE\AAA\Myzteziz Jr. '25.png
Naomi;C:\Users\Ade19\Documents\WWE2K\Profilbilder\Active\WWE\RAW\Naomi '25.png
Naomichi Marufuji;C:\Users\Ade19\Documents\WWE2K\Profilbilder\Active\NOAH\Naomichi Marufuji '26.png
Naraku;C:\Users\Ade19\Documents\WWE2K\Profilbilder\Active\WWE\NXT\Naraku '26.png
Naruki Doi;C:\Users\Ade19\Documents\WWE2K\Profilbilder\Active\Dragon Gate\Naruki Doi '19.png
Natalia Markova;C:\Users\Ade19\Documents\WWE2K\Profilbilder\Active\NWA\Natalia Markova '25.png
Natasha Swann;C:\Users\Ade19\Documents\WWE2K\Profilbilder\Active\INDY\Natasha Swann '26.png
Nathan Frazer;C:\Users\Ade19\Documents\WWE2K\Profilbilder\Active\WWE\Smackdown\Nathan Frazer '25.png
Natsuko Tora;C:\Users\Ade19\Documents\WWE2K\Profilbilder\Active\STARDOM\Natsuko Tora '26.png
Natsumi Showzuki;C:\Users\Ade19\Documents\WWE2K\Profilbilder\Active\Marigold\Natsumi Showzuki '26.png
Natsupoi;C:\Users\Ade19\Documents\WWE2K\Profilbilder\Active\STARDOM\Natsupoi '26.png
Nattie;C:\Users\Ade19\Documents\WWE2K\Profilbilder\Active\WWE\RAW\Nattie '26.png
Negro Casas;C:\Users\Ade19\Documents\WWE2K\Profilbilder\Active\WWE\AAA\Negro Casas '23.png
Neon;C:\Users\Ade19\Documents\WWE2K\Profilbilder\Active\CMLL\Neon '25.png
New Jack '95;C:\Users\Ade19\Documents\WWE2K\Profilbilder\Archiv\1995\New Jack '95.png
Nia Jax;C:\Users\Ade19\Documents\WWE2K\Profilbilder\Active\WWE\Smackdown\Nia Jax '26.png
Nic Nemeth;C:\Users\Ade19\Documents\WWE2K\Profilbilder\Active\TNA\Nic Nemeth '25.png
Nicholas Jackson;C:\Users\Ade19\Documents\WWE2K\Profilbilder\Active\AEW\Dynamite\Nicholas Jackson '25.png
Nicholas Panicali;C:\Users\Ade19\Documents\WWE2K\Profilbilder\Active\WWE\ID\Nicholas Panicali '26.png
Nick Aldis;C:\Users\Ade19\Documents\WWE2K\Profilbilder\Active\WWE\Smackdown\Nick Aldis '23.png
Nick Comoroto;C:\Users\Ade19\Documents\WWE2K\Profilbilder\Active\AEW\Dynamite\Nick Comoroto '25.png
Nick Wayne;C:\Users\Ade19\Documents\WWE2K\Profilbilder\Active\AEW\ROH\Nick Wayne '25.png
Niebla Roja;C:\Users\Ade19\Documents\WWE2K\Profilbilder\Active\CMLL\Niebla Roja '25.png
Nightshade;C:\Users\Ade19\Documents\WWE2K\Profilbilder\Active\INDY\Nightshade '25.png
Nikki Bella;C:\Users\Ade19\Documents\WWE2K\Profilbilder\Active\WWE\RAW\Nikki Bella '26.png
Nikki Blackheart;C:\Users\Ade19\Documents\WWE2K\Profilbilder\Active\WWE\Free\Nikki Blackheart '26.png
Nikki Cross;C:\Users\Ade19\Documents\WWE2K\Profilbilder\Active\WWE\Smackdown\Nikki Cross '24.png
Nikkita Lyons;C:\Users\Ade19\Documents\WWE2K\Profilbilder\Active\WWE\NXT\Nikkita Lyons 24.png
Niko Vance;C:\Users\Ade19\Documents\WWE2K\Profilbilder\Active\WWE\NXT\Niko Vance '26.png
Nina Samuels;C:\Users\Ade19\Documents\WWE2K\Profilbilder\Active\INDY\Nina Samuels '25.png
Nino Hamburguesa;C:\Users\Ade19\Documents\WWE2K\Profilbilder\Active\INDY\Nino Hamburguesa '25.png
Nitro;C:\Users\Ade19\Documents\WWE2K\Profilbilder\Active\CMLL\Nitro '25.png
Nixi XS;C:\Users\Ade19\Documents\WWE2K\Profilbilder\Active\INDY\Nixi XS '26.png
Nixon Newell;C:\Users\Ade19\Documents\WWE2K\Profilbilder\Active\INDY\Nixon Newell '25.png
Noam Dar;C:\Users\Ade19\Documents\WWE2K\Profilbilder\Active\WWE\NXT\Noam Dar '24.png
Nobu San;C:\Users\Ade19\Documents\WWE2K\Profilbilder\Active\WWE\AAA\Nobu San '26.png
NOSAWA Rongai;C:\Users\Ade19\Documents\WWE2K\Profilbilder\Active\NOAH\NOSAWA Rongai '26.png
Nyla Rose;C:\Users\Ade19\Documents\WWE2K\Profilbilder\Active\AEW\Dynamite\Nyla Rose '25.png
Oba Femi;C:\Users\Ade19\Documents\WWE2K\Profilbilder\Active\WWE\RAW\Oba Femi '26.png
Octagón Jr.;C:\Users\Ade19\Documents\WWE2K\Profilbilder\Active\WWE\AAA\Octagón Jr. '26.png
Oddyssey;C:\Users\Ade19\Documents\WWE2K\Profilbilder\Active\INDY\Oddyssey '26.png
Odinson;C:\Users\Ade19\Documents\WWE2K\Profilbilder\Active\NWA\Odinson '24.png
OKUMURA;C:\Users\Ade19\Documents\WWE2K\Profilbilder\Active\NJPW\OKUMURA '23.png
Omos;C:\Users\Ade19\Documents\WWE2K\Profilbilder\Active\WWE\Free\Omos '25.png
Orange Cassidy;C:\Users\Ade19\Documents\WWE2K\Profilbilder\Active\AEW\Dynamite\Orange Cassidy '25.png
Orsi;C:\Users\Ade19\Documents\WWE2K\Profilbilder\Active\INDY\Orsi '25.png
Ortiz;C:\Users\Ade19\Documents\WWE2K\Profilbilder\Active\AEW\Dynamite\Ortiz '25.png
Osiris Griffin;C:\Users\Ade19\Documents\WWE2K\Profilbilder\Active\WWE\NXT\Osiris Griffin '25.png
OSKAR;C:\Users\Ade19\Documents\WWE2K\Profilbilder\Active\NJPW\OSKAR '26.png
Otis;C:\Users\Ade19\Documents\WWE2K\Profilbilder\Active\WWE\RAW\Otis '24.png
Owadasan;C:\Users\Ade19\Documents\WWE2K\Profilbilder\Active\NOAH\Owadasan '26.png
Owen Hart '95;C:\Users\Ade19\Documents\WWE2K\Profilbilder\Archiv\1994\Owen Hart '94.png
OZAWA;C:\Users\Ade19\Documents\WWE2K\Profilbilder\Active\NOAH\OZAWA '26.png
PAC;C:\Users\Ade19\Documents\WWE2K\Profilbilder\Active\AEW\Dynamite\PAC '26.png
Pagano;C:\Users\Ade19\Documents\WWE2K\Profilbilder\Active\WWE\AAA\Pagano '25.png
Paige;C:\Users\Ade19\Documents\WWE2K\Profilbilder\Active\WWE\Free\Saraya '23.png
Panic Clown;C:\Users\Ade19\Documents\WWE2K\Profilbilder\Active\WWE\AAA\Panic Clown '24.png
Panterita del Ring;C:\Users\Ade19\Documents\WWE2K\Profilbilder\Active\CMLL\Panterita del Ring '25.png
Papa Shango '92;C:\Users\Ade19\Documents\WWE2K\Profilbilder\Archiv\1992\Papa Shango '92.png
Pastor C-Lo;C:\Users\Ade19\Documents\WWE2K\Profilbilder\Active\NWA\Pastor C-Lo '26.png
PatMcAfee;C:\Users\Ade19\Documents\WWE2K\Profilbilder\Archiv\2022\Pat McAfee '22.png
Paul Bearer '98;C:\Users\Ade19\Documents\WWE2K\Profilbilder\Archiv\1991\Paul Bearer '91.png
Paul Heyman;C:\Users\Ade19\Documents\WWE2K\Profilbilder\Active\WWE\RAW\Paul Heyman '25.png
Paul Levesque;C:\Users\Ade19\Documents\WWE2K\Profilbilder\Active\WWE\Staff\Paul Levesque '25.png
Paul Walter Hauser;C:\Users\Ade19\Documents\WWE2K\Profilbilder\Active\MLW\Paul Walter Hauser '24.png
Paul Wight;C:\Users\Ade19\Documents\WWE2K\Profilbilder\Active\AEW\Dynamite\Paul Wight '25.png
Penelope Ford;C:\Users\Ade19\Documents\WWE2K\Profilbilder\Active\AEW\Dynamite\Penelope Ford '25.png
Penta;C:\Users\Ade19\Documents\WWE2K\Profilbilder\Active\WWE\RAW\Penta '25.png
Pequeño Pierroth;C:\Users\Ade19\Documents\WWE2K\Profilbilder\Active\CMLL\Pequeño Pierroth '25.png
Perfection;C:\Users\Ade19\Documents\WWE2K\Profilbilder\Active\INDY\Perfection '25.png
Perry Saturn '99;C:\Users\Ade19\Documents\WWE2K\Profilbilder\Archiv\1999\Perry Saturn '99.png
Persephone;C:\Users\Ade19\Documents\WWE2K\Profilbilder\Active\AEW\Dynamite\Persephone '26.png
Pete Dunne;C:\Users\Ade19\Documents\WWE2K\Profilbilder\Active\WWE\RAW\Pete Dunne '25.png
Peter Avalon;C:\Users\Ade19\Documents\WWE2K\Profilbilder\Active\AEW\Dynamite\Peter Avalon '25.png
Peter Tihanyi;C:\Users\Ade19\Documents\WWE2K\Profilbilder\Active\WXW\Peter Tihanyi '23.png
Pimpinela Escarlata;C:\Users\Ade19\Documents\WWE2K\Profilbilder\Active\WWE\AAA\Pimpinela Escarlata '26.png
Piper Niven;C:\Users\Ade19\Documents\WWE2K\Profilbilder\Active\WWE\Smackdown\Piper Niven '25.png
PJ Vasa;C:\Users\Ade19\Documents\WWE2K\Profilbilder\Active\WWE\EVOLVE\PJ Vasa '25.png
Pólvora;C:\Users\Ade19\Documents\WWE2K\Profilbilder\Active\CMLL\Pólvora '25.png
Preston Vance;C:\Users\Ade19\Documents\WWE2K\Profilbilder\Active\AEW\Dynamite\Preston Vance '25.png
Pretty Boy Smooth;C:\Users\Ade19\Documents\WWE2K\Profilbilder\Active\NWA\Pretty Boy Smooth '26.png
Pretty Richie;C:\Users\Ade19\Documents\WWE2K\Profilbilder\Active\INDY\Izzy James '25.png
Prince Nana;C:\Users\Ade19\Documents\WWE2K\Profilbilder\Active\AEW\Dynamite\Prince Nana '25.png
Princesa Sugehit;C:\Users\Ade19\Documents\WWE2K\Profilbilder\Active\CMLL\Princesa Sugehit '25.png
Priscilla Kelly;C:\Users\Ade19\Documents\WWE2K\Profilbilder\Active\MLW\Priscilla Kelly '25.png
Problem Dragon;C:\Users\Ade19\Documents\WWE2K\Profilbilder\Active\Dragon Gate\Problem Dragon '26.png
Promise Braxton;C:\Users\Ade19\Documents\WWE2K\Profilbilder\Active\INDY\Promise Braxton '26.png
Psicosis;C:\Users\Ade19\Documents\WWE2K\Profilbilder\Active\WWE\AAA\Psicosis '24.png
Psycho Clown;C:\Users\Ade19\Documents\WWE2K\Profilbilder\Active\WWE\AAA\Psycho Clown '26.png
Punch Tominaga;C:\Users\Ade19\Documents\WWE2K\Profilbilder\Active\Dragon Gate\Punch Tominaga '26.png
QT Marshall;C:\Users\Ade19\Documents\WWE2K\Profilbilder\Active\AEW\Dynamite\QT Marshall '25.png
Queen Aminata;C:\Users\Ade19\Documents\WWE2K\Profilbilder\Active\AEW\Dynamite\Queen Aminata '26.png
Rachael Ellering;C:\Users\Ade19\Documents\WWE2K\Profilbilder\Active\AEW\ROH\Rachael Ellering '25.png
Randy Orton;C:\Users\Ade19\Documents\WWE2K\Profilbilder\Active\WWE\Smackdown\Randy Orton '24.png
Ranna Yagami;C:\Users\Ade19\Documents\WWE2K\Profilbilder\Active\STARDOM\Ranna Yagami '25.png
Raquel Rodriguez;C:\Users\Ade19\Documents\WWE2K\Profilbilder\Active\WWE\RAW\Raquel Rodriguez '24.png
Raven '98;C:\Users\Ade19\Documents\WWE2K\Profilbilder\Archiv\1998\Raven '98.png
'Ravishing' Rick Rude '90;C:\Users\Ade19\Documents\WWE2K\Profilbilder\Archiv\1989\Ravishing Rick Rude '89.png
Rayo Americano;C:\Users\Ade19\Documents\WWE2K\Profilbilder\Active\WWE\RAW\Rayo Americano '26.png
Razor Ramon '92;C:\Users\Ade19\Documents\WWE2K\Profilbilder\Archiv\1994\Razor Ramon '94.png
Rebel;C:\Users\Ade19\Documents\WWE2K\Profilbilder\Active\AEW\Dynamite\Rebel '25.png
Red Velvet;C:\Users\Ade19\Documents\WWE2K\Profilbilder\Active\AEW\ROH\Red Velvet '25.png
Rei Saito;C:\Users\Ade19\Documents\WWE2K\Profilbilder\Active\AJPW\Rei Saito '25.png
Reina Dorada;C:\Users\Ade19\Documents\WWE2K\Profilbilder\Active\WWE\AAA\Reina Dorada '26.png
Ren Ayabe;C:\Users\Ade19\Documents\WWE2K\Profilbilder\Active\AJPW\Ren Ayabe '26.png
Ren Narita;C:\Users\Ade19\Documents\WWE2K\Profilbilder\Active\NJPW\Ren Narita '24.png
Rene Dupree '03;C:\Users\Ade19\Documents\WWE2K\Profilbilder\Archiv\2003\Rene Dupree '03.png
Renzo Rose;C:\Users\Ade19\Documents\WWE2K\Profilbilder\Active\INDY\Renzo Rose '25.png
Rey Bucanero;C:\Users\Ade19\Documents\WWE2K\Profilbilder\Active\CMLL\Rey Bucanero '25.png
Rey Cometa;C:\Users\Ade19\Documents\WWE2K\Profilbilder\Active\CMLL\Rey Cometa '25.png
Rey Fenix;C:\Users\Ade19\Documents\WWE2K\Profilbilder\Active\WWE\Smackdown\Rey Fenix '25.png
Rey Mysterio;C:\Users\Ade19\Documents\WWE2K\Profilbilder\Active\WWE\RAW\Rey Mysterio '25.png
Rhea Ripley;C:\Users\Ade19\Documents\WWE2K\Profilbilder\Active\WWE\RAW\Rhea Ripley '25.png
Rhyno '01;C:\Users\Ade19\Documents\WWE2K\Profilbilder\Archiv\2001\Rhyno '01.png
Rian;C:\Users\Ade19\Documents\WWE2K\Profilbilder\Active\STARDOM\Rian '26.png
Ric Flair '92;C:\Users\Ade19\Documents\WWE2K\Profilbilder\Archiv\1992\Ric Flair '92.png
Rich Swann;C:\Users\Ade19\Documents\WWE2K\Profilbilder\Active\TNA\Rich Swann '26.png
Richard Holliday;C:\Users\Ade19\Documents\WWE2K\Profilbilder\Active\INDY\Richard Holliday '25.png
Rick Steiner '93;C:\Users\Ade19\Documents\WWE2K\Profilbilder\Archiv\1991\Rick Steiner '91.png
Rick 'The Model' Martel '90;C:\Users\Ade19\Documents\WWE2K\Profilbilder\Archiv\1990\Rick 'The Model' Martel '90.png
Ricky Morton;C:\Users\Ade19\Documents\WWE2K\Profilbilder\Active\NWA\Ricky Morton '26.png
Ricky Saints;C:\Users\Ade19\Documents\WWE2K\Profilbilder\Active\WWE\NXT\Ricky Saints '25.png
Ricky Smokes;C:\Users\Ade19\Documents\WWE2K\Profilbilder\Active\WWE\NXT\Ricky Smokes '26.png
Ricky Sosa;C:\Users\Ade19\Documents\WWE2K\Profilbilder\Active\TNA\Ricky Sosa '26.png
Ricky 'The Dragon' Steamboat '91;C:\Users\Ade19\Documents\WWE2K\Profilbilder\Archiv\1991\'The Dragon' Ricky Steamboat '91.png
Ricochet;C:\Users\Ade19\Documents\WWE2K\Profilbilder\Active\AEW\Dynamite\Ricochet '26.png
Ridge Holland;C:\Users\Ade19\Documents\WWE2K\Profilbilder\Active\INDY\Ridge Holland '24.png
Riho;C:\Users\Ade19\Documents\WWE2K\Profilbilder\Active\AEW\Dynamite\Riho '25.png
Riiita;C:\Users\Ade19\Documents\WWE2K\Profilbilder\Active\Dragon Gate\Riiita '26.png
Rikishi '06;C:\Users\Ade19\Documents\WWE2K\Profilbilder\Archiv\2000\Rikishi '00.png
Rina;C:\Users\Ade19\Documents\WWE2K\Profilbilder\Active\STARDOM\Rina '25.png
Rina Yamashita;C:\Users\Ade19\Documents\WWE2K\Profilbilder\Active\STARDOM\Yamashita Rina '25.png
Rising HAYATO;C:\Users\Ade19\Documents\WWE2K\Profilbilder\Active\AJPW\Rising HAYATO '26.png
Road Dogg;C:\Users\Ade19\Documents\WWE2K\Profilbilder\Archiv\2025\Road Dogg'25.png
Rob Van Dam '06;C:\Users\Ade19\Documents\WWE2K\Profilbilder\Archiv\2010\Rob Van Dam '10.png
Robbie Eagles;C:\Users\Ade19\Documents\WWE2K\Profilbilder\Active\NJPW\Robbie Eagles '25.png
Robbie X;C:\Users\Ade19\Documents\WWE2K\Profilbilder\Active\NJPW\Robbie X '26.png
Robert Roode;C:\Users\Ade19\Documents\WWE2K\Profilbilder\Active\WWE\Free\Robert Roode '18.png
Robert Stone;C:\Users\Ade19\Documents\WWE2K\Profilbilder\Active\WWE\NXT\Robert Stone '26.png
Robin;C:\Users\Ade19\Documents\WWE2K\Profilbilder\Active\CMLL\Robin '25.png
Robyn Renegade;C:\Users\Ade19\Documents\WWE2K\Profilbilder\Active\AEW\ROH\Robyn Renegade '25.png
Rocky Maivia '96;C:\Users\Ade19\Documents\WWE2K\Profilbilder\Archiv\1996\Rocky Maivia '96.png
Rocky Romero;C:\Users\Ade19\Documents\WWE2K\Profilbilder\Active\NJPW\Rocky Romero '25.png
Roderick Strong;C:\Users\Ade19\Documents\WWE2K\Profilbilder\Active\AEW\Dynamite\Roderick Strong '25.png
Roma;C:\Users\Ade19\Documents\WWE2K\Profilbilder\Active\INDY\Roma '26.png
Roman Reigns;C:\Users\Ade19\Documents\WWE2K\Profilbilder\Active\WWE\Smackdown\Roman Reigns '25.png
Romeo Moreno;C:\Users\Ade19\Documents\WWE2K\Profilbilder\Active\WWE\NXT\Romeo Moreno '26.png
Rosemary;C:\Users\Ade19\Documents\WWE2K\Profilbilder\Active\TNA\Rosemary '25.png
Rosey '03;C:\Users\Ade19\Documents\WWE2K\Profilbilder\Archiv\2003\Rosey '03.png
Ross von Erich;C:\Users\Ade19\Documents\WWE2K\Profilbilder\Active\AEW\ROH\Ross von Erich '25.png
Rowdy Roddy Piper '98;C:\Users\Ade19\Documents\WWE2K\Profilbilder\Archiv\1998\Rowdy Roddy Piper '98.png
Roxanne Perez;C:\Users\Ade19\Documents\WWE2K\Profilbilder\Active\WWE\RAW\Roxanne Perez '25.png
Royce Isaacs;C:\Users\Ade19\Documents\WWE2K\Profilbilder\Active\NJPW\Royce Isaacs '23.png
Royce Keys;C:\Users\Ade19\Documents\WWE2K\Profilbilder\Active\WWE\Smackdown\Royce Keys '26.png
R-Truth;C:\Users\Ade19\Documents\WWE2K\Profilbilder\Active\WWE\Smackdown\R-Truth '25.png
Ruaka;C:\Users\Ade19\Documents\WWE2K\Profilbilder\Active\STARDOM\Ruaka '25.png
Ruby Soho;C:\Users\Ade19\Documents\WWE2K\Profilbilder\Active\AEW\Dynamite\Ruby Soho '25.png
Rugido;C:\Users\Ade19\Documents\WWE2K\Profilbilder\Active\CMLL\Rugido '25.png
Rusev;C:\Users\Ade19\Documents\WWE2K\Profilbilder\Active\WWE\RAW\Rusev '25.png
Rush;C:\Users\Ade19\Documents\WWE2K\Profilbilder\Active\AEW\Dynamite\Rush '25.png
Ryan Nemeth;C:\Users\Ade19\Documents\WWE2K\Profilbilder\Active\TNA\Ryan Nemeth '25.png
Ryo Inoue;C:\Users\Ade19\Documents\WWE2K\Profilbilder\Active\AJPW\Ryo Inoue '26.png
Ryo Saito;C:\Users\Ade19\Documents\WWE2K\Profilbilder\Active\Dragon Gate\Ryo Saito '26.png
Ryohei Oiwa;C:\Users\Ade19\Documents\WWE2K\Profilbilder\Active\NJPW\Ryohei Oiwa '25.png
Ryoya Tanaka;C:\Users\Ade19\Documents\WWE2K\Profilbilder\Active\Dragon Gate\Ryoya Tanaka '26.png
Ryu Fuda;C:\Users\Ade19\Documents\WWE2K\Profilbilder\Active\Dragon Gate\Ryu Fuda '26.png
Ryuji Hijikata;C:\Users\Ade19\Documents\WWE2K\Profilbilder\Active\INDY\Ryuji Hijikata '26.png
Ryuki Honda;C:\Users\Ade19\Documents\WWE2K\Profilbilder\Active\AJPW\Ryuki Honda '26.png
RYUSEI;C:\Users\Ade19\Documents\WWE2K\Profilbilder\Active\NOAH\RYUSEI '26.png
Ryusuke Taguchi;C:\Users\Ade19\Documents\WWE2K\Profilbilder\Active\NJPW\Ryusuke Taguchi '23.png
Sabu '06;C:\Users\Ade19\Documents\WWE2K\Profilbilder\Archiv\2006\Sabu '06.png
Sadie Gibbs;C:\Users\Ade19\Documents\WWE2K\Profilbilder\Active\NOAH\Sadie Gibbs '24.png
Safire Reed;C:\Users\Ade19\Documents\WWE2K\Profilbilder\Active\INDY\Safire Reed '25.png
Sage Chantz;C:\Users\Ade19\Documents\WWE2K\Profilbilder\Active\NWA\Sage Chantz '25.png
Saki Kashima;C:\Users\Ade19\Documents\WWE2K\Profilbilder\Active\STARDOM\Saki Kashima '25.png
Sam Hardway Holloway;C:\Users\Ade19\Documents\WWE2K\Profilbilder\Active\WWE\EVOLVE\Sam Hardway Holloway '25.png
Sami Callihan;C:\Users\Ade19\Documents\WWE2K\Profilbilder\Active\TNA\Sami Callihan '25.png
Sami Zayn;C:\Users\Ade19\Documents\WWE2K\Profilbilder\Active\WWE\Smackdown\Sami Zayn '22.png
Sammy Guevara;C:\Users\Ade19\Documents\WWE2K\Profilbilder\Active\AEW\ROH\Sammy Guevara '25.png
Samoa Joe;C:\Users\Ade19\Documents\WWE2K\Profilbilder\Active\AEW\Dynamite\Samoa Joe '25.png
SANADA;C:\Users\Ade19\Documents\WWE2K\Profilbilder\Active\NJPW\SANADA '25.png
Sandman '06;C:\Users\Ade19\Documents\WWE2K\Profilbilder\Archiv\1999\The Sandman '99.png
Sanely;C:\Users\Ade19\Documents\WWE2K\Profilbilder\Active\CMLL\Sanely '25.png
Sansón;C:\Users\Ade19\Documents\WWE2K\Profilbilder\Active\WWE\AAA\Sanson '25.png
Santi Rivera;C:\Users\Ade19\Documents\WWE2K\Profilbilder\Active\WWE\ID\Jariel Rivera '24.png
Santino Marella;C:\Users\Ade19\Documents\WWE2K\Profilbilder\Active\TNA\Santino Marella '25.png
Santos Escobar;C:\Users\Ade19\Documents\WWE2K\Profilbilder\Active\INDY\Santos Escobar '26.png
Saori Anou;C:\Users\Ade19\Documents\WWE2K\Profilbilder\Active\STARDOM\Saori Anou '26.png
Saquon Shugars;C:\Users\Ade19\Documents\WWE2K\Profilbilder\Active\WWE\NXT\Saquon Shugars '25.png
Sareee;C:\Users\Ade19\Documents\WWE2K\Profilbilder\Active\INDY\Sareee '25.png
Satnam Singh;C:\Users\Ade19\Documents\WWE2K\Profilbilder\Active\AEW\Dynamite\Satnam Singh '25.png
Satoshi Kojima;C:\Users\Ade19\Documents\WWE2K\Profilbilder\Active\NJPW\Satoshi Kojima '25.png
Satsuki Nagao;C:\Users\Ade19\Documents\WWE2K\Profilbilder\Active\NOAH\Satsuki Nagao '26.png
Saxon Huxley;C:\Users\Ade19\Documents\WWE2K\Profilbilder\Active\NOAH\Saxon Huxley '26.png
Saya Iida;C:\Users\Ade19\Documents\WWE2K\Profilbilder\Active\STARDOM\Saya Iida '25.png
Saya Kamitani;C:\Users\Ade19\Documents\WWE2K\Profilbilder\Active\STARDOM\Saya Kamitani '25.png
Sayaka Kurara;C:\Users\Ade19\Documents\WWE2K\Profilbilder\Active\STARDOM\Sayaka Kurara '26.png
Scarlett Bordeaux;C:\Users\Ade19\Documents\WWE2K\Profilbilder\Active\MLW\Scarlett Bordeaux '25.png
Scorpio Sky;C:\Users\Ade19\Documents\WWE2K\Profilbilder\Active\AEW\Dynamite\Scorpio Sky '25.png
Scott Green;C:\Users\Ade19\Documents\WWE2K\Profilbilder\Active\INDY\Scott Green '25.png
Scott Hall '99;C:\Users\Ade19\Documents\WWE2K\Profilbilder\Archiv\1997\Scott Hall '97.png
Scott Steiner '03;C:\Users\Ade19\Documents\WWE2K\Profilbilder\Archiv\2003\Scott Steiner '03.png
Scotty 2 Hotty '99;C:\Users\Ade19\Documents\WWE2K\Profilbilder\Archiv\1999\Scotty 2 Hotty '99.png
Sean Legacy;C:\Users\Ade19\Documents\WWE2K\Profilbilder\Active\WWE\NXT\Sean Legacy '26.png
Sean Login;C:\Users\Ade19\Documents\WWE2K\Profilbilder\Active\INDY\Sean Login '25.png
Seigo Tachibana;C:\Users\Ade19\Documents\WWE2K\Profilbilder\Active\Up Town\Seigo Tachibana '25.png
Seiki Yoshioka;C:\Users\Ade19\Documents\WWE2K\Profilbilder\Active\INDY\Seiki Yoshioka CR '26.png
Senka Akatsuki;C:\Users\Ade19\Documents\WWE2K\Profilbilder\Active\Marvelous\Senka Akatsuki '25.png
Senor Saito;C:\Users\Ade19\Documents\WWE2K\Profilbilder\Active\INDY\Senor Saito '26.png
Sensational Sherri '89;C:\Users\Ade19\Documents\WWE2K\Profilbilder\Archiv\1989\'Sensational' Sherri Martel '89.png
Serena Deeb;C:\Users\Ade19\Documents\WWE2K\Profilbilder\Active\AEW\Dynamite\Serena Deeb '24.png
Seri Yamaoka;C:\Users\Ade19\Documents\WWE2K\Profilbilder\Active\Marigold\Seri Yamaoka '25.png
Serpentico;C:\Users\Ade19\Documents\WWE2K\Profilbilder\Active\AEW\ROH\Serpentico '25.png
Session Moth Martina;C:\Users\Ade19\Documents\WWE2K\Profilbilder\Active\INDY\Session Moth Martina '25.png
Seth Rollins;C:\Users\Ade19\Documents\WWE2K\Profilbilder\Active\WWE\RAW\Seth Rollins '25.png
Sgt. Slaughter '80;C:\Users\Ade19\Documents\WWE2K\Profilbilder\Archiv\1991\Sgt. Slaughter '91.png
Shachihoko BOY;C:\Users\Ade19\Documents\WWE2K\Profilbilder\Active\Dragon Gate\Shachihoko BOY '26.png
Shane Haste;C:\Users\Ade19\Documents\WWE2K\Profilbilder\Active\NJPW\Shane Haste '24.png
Shane McMahon;C:\Users\Ade19\Documents\WWE2K\Profilbilder\Active\WWE\Staff\Shane McMahon '18.png
Shane Taylor;C:\Users\Ade19\Documents\WWE2K\Profilbilder\Active\AEW\ROH\Shane Taylor '25.png
Shark Boy '02;C:\Users\Ade19\Documents\WWE2K\Profilbilder\Archiv\2002\Shark Boy '02.png
Shawn Dean;C:\Users\Ade19\Documents\WWE2K\Profilbilder\Active\AEW\ROH\Shawn Dean '25.png
Shawn Michaels;C:\Users\Ade19\Documents\WWE2K\Profilbilder\Active\WWE\NXT\Shawn Michaels '25.png
Shawn Spears;C:\Users\Ade19\Documents\WWE2K\Profilbilder\Active\WWE\NXT\Shawn Spears '24.png
Shay Kassidy;C:\Users\Ade19\Documents\WWE2K\Profilbilder\Active\INDY\Shay Kassidy '26.png
Sheamus;C:\Users\Ade19\Documents\WWE2K\Profilbilder\Active\WWE\RAW\Sheamus '22.png
Shelton Benjamin;C:\Users\Ade19\Documents\WWE2K\Profilbilder\Active\AEW\Dynamite\Shelton Benjamin '24.png
Sherilyn Guerrero;C:\Users\Ade19\Documents\WWE2K\Profilbilder\Active\INDY\Sherilyn Guerrero '25.png
Shido Ash;C:\Users\Ade19\Documents\WWE2K\Profilbilder\Active\WWE\ID\Shady Elnahas '26.png
Shiloh Hill;C:\Users\Ade19\Documents\WWE2K\Profilbilder\Active\WWE\NXT\Shiloh Hill '26.png
Shingo Takagi;C:\Users\Ade19\Documents\WWE2K\Profilbilder\Active\NJPW\Shingo Takagi '26.png
Shinsuke Nakamura;C:\Users\Ade19\Documents\WWE2K\Profilbilder\Active\WWE\Smackdown\Shinsuke Nakamura '25.png
Shira Sinai;C:\Users\Ade19\Documents\WWE2K\Profilbilder\Active\INDY\Shira Sinai '25.png
Shisa BOY;C:\Users\Ade19\Documents\WWE2K\Profilbilder\Active\Dragon Gate\Shisa BOY  '20.png
SHO;C:\Users\Ade19\Documents\WWE2K\Profilbilder\Active\NJPW\SHO '23.png
Shockercito;C:\Users\Ade19\Documents\WWE2K\Profilbilder\Active\CMLL\Shockercito '25.png
Shoko Nakajima;C:\Users\Ade19\Documents\WWE2K\Profilbilder\Active\TJPW\Shoko Nakajima '26.png
Shoma Kato;C:\Users\Ade19\Documents\WWE2K\Profilbilder\Active\NJPW\Shoma Kato '25.png
Shota Kofuji;C:\Users\Ade19\Documents\WWE2K\Profilbilder\Active\AJPW\Shota Kofuji '26.png
Shota Umino;C:\Users\Ade19\Documents\WWE2K\Profilbilder\Active\NJPW\Shota Umino '26.png
Shotaro Ashino;C:\Users\Ade19\Documents\WWE2K\Profilbilder\Active\AJPW\Shotaro Ashino '26.png
Shotzi;C:\Users\Ade19\Documents\WWE2K\Profilbilder\Active\MLW\Shotzi '25.png
Shuhei Taniguchi;C:\Users\Ade19\Documents\WWE2K\Profilbilder\Active\NOAH\Shuhei Taniguchi '26.png
Shuji Ishikawa;C:\Users\Ade19\Documents\WWE2K\Profilbilder\Active\NOAH\Shuji Ishikawa '26.png
Shuji Kondo;C:\Users\Ade19\Documents\WWE2K\Profilbilder\Active\NOAH\Shuji Kondo '26.png
Shun Skywalker;C:\Users\Ade19\Documents\WWE2K\Profilbilder\Active\Dragon Gate\Shun Skywalker '26.png
Sid Justice '93;C:\Users\Ade19\Documents\WWE2K\Profilbilder\Archiv\1996\Sycho Sid '96.png
Sika '85;C:\Users\Ade19\Documents\WWE2K\Profilbilder\Archiv\1985\Sika '85.png
Silas Mason;C:\Users\Ade19\Documents\WWE2K\Profilbilder\Active\NWA\Silas Mason '24.png
Sirena Linton;C:\Users\Ade19\Documents\WWE2K\Profilbilder\Active\INDY\Sirena Linton '25.png
Sirena Veil;C:\Users\Ade19\Documents\WWE2K\Profilbilder\Active\NWA\Sirena Veil '26.png
Skadi;C:\Users\Ade19\Documents\WWE2K\Profilbilder\Active\CMLL\Skadi '25.png
Skye Blue;C:\Users\Ade19\Documents\WWE2K\Profilbilder\Active\AEW\Dynamite\Skye Blue '26.png
Skylar Raye;C:\Users\Ade19\Documents\WWE2K\Profilbilder\Active\WWE\NXT\Skylar Raye '26.png
Slade;C:\Users\Ade19\Documents\WWE2K\Profilbilder\Active\NWA\Slade '26.png
Sloane Jacobs;C:\Users\Ade19\Documents\WWE2K\Profilbilder\Active\WWE\ID\Notorious Mimi '26.png
'Smart' Mark Sterling;C:\Users\Ade19\Documents\WWE2K\Profilbilder\Active\AEW\Dynamite\Mark Sterling '25.png
Smash '88;C:\Users\Ade19\Documents\WWE2K\Profilbilder\Archiv\1988\Smash '88.png
Soberano Jr.;C:\Users\Ade19\Documents\WWE2K\Profilbilder\Active\NJPW\Soberano Jr. '23.png
Sol Ruca;C:\Users\Ade19\Documents\WWE2K\Profilbilder\Active\WWE\RAW\Sol Ruca 25.png
Solo Sikoa;C:\Users\Ade19\Documents\WWE2K\Profilbilder\Active\WWE\Smackdown\Solo Sikoa '25.png
Sonjay Dutt;C:\Users\Ade19\Documents\WWE2K\Profilbilder\Active\AEW\Dynamite\Sonjay Dutt '25.png
Special Agent 0;C:\Users\Ade19\Documents\WWE2K\Profilbilder\Active\TNA\Special Agent 0 '25.png
'Speedball' Mike Bailey;C:\Users\Ade19\Documents\WWE2K\Profilbilder\Active\AEW\Dynamite\'Speedball' Mike Bailey '26.png
Stacy Keibler '05;C:\Users\Ade19\Documents\WWE2K\Profilbilder\Archiv\2005\Stacy Keibler '05.png
Star Jr.;C:\Users\Ade19\Documents\WWE2K\Profilbilder\Active\CMLL\Star Jr. '25.png
Starlight Kid;C:\Users\Ade19\Documents\WWE2K\Profilbilder\Active\STARDOM\Starlight Kid '26.png
Steph de Lander;C:\Users\Ade19\Documents\WWE2K\Profilbilder\Active\INDY\Steph De Lander '25.png
Stephanie Maze;C:\Users\Ade19\Documents\WWE2K\Profilbilder\Active\INDY\Stephanie Maze '25.png
Stephanie McMahon;C:\Users\Ade19\Documents\WWE2K\Profilbilder\Active\WWE\Staff\Stephanie McMahon '24.png
Stephanie Vaquer;C:\Users\Ade19\Documents\WWE2K\Profilbilder\Active\WWE\RAW\Stephanie Vaquer '24.png
Steve Blackman '99;C:\Users\Ade19\Documents\WWE2K\Profilbilder\Archiv\1999\Steve Blackman '99.png
Steve Maclin;C:\Users\Ade19\Documents\WWE2K\Profilbilder\Active\TNA\Steve Maclin '25.png
Steven Borden;C:\Users\Ade19\Documents\WWE2K\Profilbilder\Active\INDY\Steven Borden '26.png
Stevie Filip;C:\Users\Ade19\Documents\WWE2K\Profilbilder\Active\INDY\Stevie Filip '23.png
Stigma;C:\Users\Ade19\Documents\WWE2K\Profilbilder\Active\CMLL\Stigma '21.png
Sting;C:\Users\Ade19\Documents\WWE2K\Profilbilder\Active\AEW\Dynamite\Sting '25.png
Stokely;C:\Users\Ade19\Documents\WWE2K\Profilbilder\Active\AEW\Dynamite\Stokely '25.png
'Stone Cold' Steve Austin '98;C:\Users\Ade19\Documents\WWE2K\Profilbilder\Archiv\1999\'Stone Cold' Steve Austin '99.png
Stori Denali;C:\Users\Ade19\Documents\WWE2K\Profilbilder\Active\INDY\Stori Denali '26.png
Strong Machine J;C:\Users\Ade19\Documents\WWE2K\Profilbilder\Active\Dragon Gate\Strong Machine J '26.png
Stuka jr.;C:\Users\Ade19\Documents\WWE2K\Profilbilder\Active\CMLL\Stuka jr. '25.png
Suge D.;C:\Users\Ade19\Documents\WWE2K\Profilbilder\Active\INDY\Suge D '25.png
Super Crazy;C:\Users\Ade19\Documents\WWE2K\Profilbilder\Active\NOAH\Super Crazy '26.png
Super P;C:\Users\Ade19\Documents\WWE2K\Profilbilder\Active\INDY\Super P '25.png
'Superstar' Billy Graham '89;C:\Users\Ade19\Documents\WWE2K\Profilbilder\Archiv\1989\'Superstar' Billy Graham '89.png
Sussy Love;C:\Users\Ade19\Documents\WWE2K\Profilbilder\Active\WWE\AAA\Sussy Love '26.png
Susumu Yokosuka;C:\Users\Ade19\Documents\WWE2K\Profilbilder\Active\Dragon Gate\Susumu Yokosuka '26.png
Suwama;C:\Users\Ade19\Documents\WWE2K\Profilbilder\Active\AJPW\Suwama '26.png
Suzu Suzuki;C:\Users\Ade19\Documents\WWE2K\Profilbilder\Active\STARDOM\Suzu Suzuki '26.png
Suzume;C:\Users\Ade19\Documents\WWE2K\Profilbilder\Active\TJPW\Suzume '26.png
Swerve Strickland;C:\Users\Ade19\Documents\WWE2K\Profilbilder\Active\AEW\Dynamite\Swerve Strickland '26.png
Sydney 'Wild Wild' West;C:\Users\Ade19\Documents\WWE2K\Profilbilder\Active\INDY\Sydney 'Wild Wild' West '25.png
Syuri;C:\Users\Ade19\Documents\WWE2K\Profilbilder\Active\STARDOM\Syuri '26.png
Syxx '96;C:\Users\Ade19\Documents\WWE2K\Profilbilder\Archiv\1997\Syxx '97.png
Tadasuke;C:\Users\Ade19\Documents\WWE2K\Profilbilder\Active\NOAH\Tadasuke '26.png
Taichi;C:\Users\Ade19\Documents\WWE2K\Profilbilder\Active\NJPW\Taichi '23.png
Taiji Ishimori;C:\Users\Ade19\Documents\WWE2K\Profilbilder\Active\NJPW\Taiji Ishimori '26.png
Taisei Nakahara;C:\Users\Ade19\Documents\WWE2K\Profilbilder\Active\NJPW\Taisei Nakahara '26.png
TAKA Michinoku;C:\Users\Ade19\Documents\WWE2K\Profilbilder\Active\NJPW\TAKA Michinoku '23.png
Takase Miyuki;C:\Users\Ade19\Documents\WWE2K\Profilbilder\Active\NOAH\Takase Miyuki '25.png
Takashi;C:\Users\Ade19\Documents\WWE2K\Profilbilder\Active\Dragon Gate\Takashi '26.png
Takashi Sugiura;C:\Users\Ade19\Documents\WWE2K\Profilbilder\Active\NOAH\Takashi Sugiura '26.png
Takeshi Masada;C:\Users\Ade19\Documents\WWE2K\Profilbilder\Active\DDT\Takeshi Masada '25.png
Takuma;C:\Users\Ade19\Documents\WWE2K\Profilbilder\Active\WWE\AAA\Takuma '25.png
Takumi Iroha;C:\Users\Ade19\Documents\WWE2K\Profilbilder\Active\NOAH\Takumi Iroha '26.png
Takuro Niki;C:\Users\Ade19\Documents\WWE2K\Profilbilder\Active\2AW\Takuro Niki '25.png
Takuya Sugawara;C:\Users\Ade19\Documents\WWE2K\Profilbilder\Active\ZERO1\Takuya Sugawara '26.png
Talla Tonga;C:\Users\Ade19\Documents\WWE2K\Profilbilder\Active\WWE\Smackdown\Talla Tonga '25.png
Talos;C:\Users\Ade19\Documents\WWE2K\Profilbilder\Active\INDY\Talos '26.png
Tama '88;C:\Users\Ade19\Documents\WWE2K\Profilbilder\Archiv\1989\Tama '89.png
Tama Tonga;C:\Users\Ade19\Documents\WWE2K\Profilbilder\Active\WWE\Smackdown\Tama Tonga '26.png
Tamina;C:\Users\Ade19\Documents\WWE2K\Profilbilder\Active\WWE\Free\Tamina '17.png
Taniya;C:\Users\Ade19\Documents\WWE2K\Profilbilder\Active\INDY\Taniya '26.png
Tank Ledger;C:\Users\Ade19\Documents\WWE2K\Profilbilder\Active\WWE\NXT\Tank Ledger '26.png
Tara Zep;C:\Users\Ade19\Documents\WWE2K\Profilbilder\Active\INDY\Tara Zep '25.png
Tarlee;C:\Users\Ade19\Documents\WWE2K\Profilbilder\Active\INDY\Tarlee '26.png
Tasha Steelz;C:\Users\Ade19\Documents\WWE2K\Profilbilder\Active\TNA\Tasha Steelz '25.png
Tate Wilder;C:\Users\Ade19\Documents\WWE2K\Profilbilder\Active\WWE\NXT\Tate Wilder '26.png
Tatevik;C:\Users\Ade19\Documents\WWE2K\Profilbilder\Active\AEW\Free\Tatevik '24.png
Tatsuya Matsumoto;C:\Users\Ade19\Documents\WWE2K\Profilbilder\Active\NJPW\Tatsuya Matsumoto '25.png
Tatum Paxley;C:\Users\Ade19\Documents\WWE2K\Profilbilder\Active\WWE\NXT\Tatum Paxley '26.png
Tatyanna Dumas;C:\Users\Ade19\Documents\WWE2K\Profilbilder\Active\INDY\Tatyanna Dumas '25.png
Taurus;C:\Users\Ade19\Documents\WWE2K\Profilbilder\Active\WWE\AAA\Taurus '26.png
Tavion Heights;C:\Users\Ade19\Documents\WWE2K\Profilbilder\Active\WWE\NXT\Tavion Heights '24.png
Tay Melo;C:\Users\Ade19\Documents\WWE2K\Profilbilder\Active\AEW\Dynamite\Tay Melo '25.png
Taya Valkarie;C:\Users\Ade19\Documents\WWE2K\Profilbilder\Active\AEW\Dynamite\Taya Valkarie '25.png
Ted DiBiase '88;C:\Users\Ade19\Documents\WWE2K\Profilbilder\Archiv\1988\“Million Dollar Man” Ted DiBiase '88.png
Ted DiBiase Jr. '11;C:\Users\Ade19\Documents\WWE2K\Profilbilder\Archiv\2011\Ted DiBiase jr. '11.png
Tehuti Miles;C:\Users\Ade19\Documents\WWE2K\Profilbilder\Archiv\2025\Ashante Adonis '25.png
Templario;C:\Users\Ade19\Documents\WWE2K\Profilbilder\Active\NJPW\Templario '23.png
Tenille Dashwood;C:\Users\Ade19\Documents\WWE2K\Profilbilder\Active\INDY\Tenille Dashwood '22.png
Terry Funk '98;C:\Users\Ade19\Documents\WWE2K\Profilbilder\Archiv\1998\Terry Funk '98.png
Terry Yaki;C:\Users\Ade19\Documents\WWE2K\Profilbilder\Active\INDY\Terry Yaki '25.png
Tessa Blanchard;C:\Users\Ade19\Documents\WWE2K\Profilbilder\Active\TNA\Tessa Blanchard '25.png
Tetsuya Endo;C:\Users\Ade19\Documents\WWE2K\Profilbilder\Active\NOAH\Tetsuya Endo '26.png
Tetsuya Naito;C:\Users\Ade19\Documents\WWE2K\Profilbilder\Active\NOAH\Tetsuya Naito '25.png
The Beast Mortos;C:\Users\Ade19\Documents\WWE2K\Profilbilder\Active\AEW\ROH\The Beast Mortos '24.png
The Big Show '16;C:\Users\Ade19\Documents\WWE2K\Profilbilder\Archiv\2016\The Big Show '16.png
The Blade;C:\Users\Ade19\Documents\WWE2K\Profilbilder\Active\AEW\Dynamite\The Blade '25.png
The Butcher;C:\Users\Ade19\Documents\WWE2K\Profilbilder\Active\AEW\Dynamite\The Butcher '24.png
The DKC;C:\Users\Ade19\Documents\WWE2K\Profilbilder\Active\NJPW\The DKC '23.png
The Fiend;C:\Users\Ade19\Documents\WWE2K\Profilbilder\Archiv\2019\The Fiend '19.png
The Godfather '00;C:\Users\Ade19\Documents\WWE2K\Profilbilder\Archiv\2000\The Godfather '00.png
The Great Khali '11;C:\Users\Ade19\Documents\WWE2K\Profilbilder\Archiv\2007\The Great Khali '07.png
The Great Muta '89;C:\Users\Ade19\Documents\WWE2K\Profilbilder\Archiv\1989\The Great Muta '89.png
The Home Town Man;C:\Users\Ade19\Documents\WWE2K\Profilbilder\Active\TNA\The Home Town Man '26.png
The Hurricane '01;C:\Users\Ade19\Documents\WWE2K\Profilbilder\Archiv\2003\Hurricane Helms '03.png
The Iron Sheik '85;C:\Users\Ade19\Documents\WWE2K\Profilbilder\Archiv\1984\The Iron Sheik '84.png
The Miz;C:\Users\Ade19\Documents\WWE2K\Profilbilder\Active\WWE\Smackdown\The Miz '24.png
The Obsidian Angel;C:\Users\Ade19\Documents\WWE2K\Profilbilder\Active\OVW\The Obsidian Angel '26.png
'The Original' El Grande Americano;C:\Users\Ade19\Documents\WWE2K\Profilbilder\Active\WWE\RAW\'The Original' El Grande Americano '26.png
The Personal Concierge;C:\Users\Ade19\Documents\WWE2K\Profilbilder\Active\TNA\The Personal Concierge '25.png
The Pope;C:\Users\Ade19\Documents\WWE2K\Profilbilder\Active\NWA\The Pope '26.png
The Reeve Mask;C:\Users\Ade19\Documents\WWE2K\Profilbilder\Active\NOAH\The Reeve Mask '26.png
The Rock;C:\Users\Ade19\Documents\WWE2K\Profilbilder\Archiv\2025\The Rock '25.png
The Tuckman;C:\Users\Ade19\Documents\WWE2K\Profilbilder\Active\INDY\The Tuckman '25.png
The Undertaker;C:\Users\Ade19\Documents\WWE2K\Profilbilder\Archiv\2018\The Undertaker '18.png
The Unknown;C:\Users\Ade19\Documents\WWE2K\Profilbilder\Active\WWE\ID\The Unknown '26.png
Thea Hail;C:\Users\Ade19\Documents\WWE2K\Profilbilder\Active\WWE\NXT\Thea Hail '26.png
Thekla;C:\Users\Ade19\Documents\WWE2K\Profilbilder\Active\AEW\Dynamite\Thekla '25.png
Theodore Long '98;C:\Users\Ade19\Documents\WWE2K\Profilbilder\Archiv\1998\Theodore Long '98.png
Theseus;C:\Users\Ade19\Documents\WWE2K\Profilbilder\Active\INDY\Theseus '25.png
Thom Latimer;C:\Users\Ade19\Documents\WWE2K\Profilbilder\Active\NWA\Thom Latimer '26.png
Thrasher '97;C:\Users\Ade19\Documents\WWE2K\Profilbilder\Archiv\1997\Thrasher '97.png
Thunder Rosa;C:\Users\Ade19\Documents\WWE2K\Profilbilder\Active\AEW\Dynamite\Thunder Rosa '25.png
Tiffany Nieves;C:\Users\Ade19\Documents\WWE2K\Profilbilder\Active\NWA\Tiffany Nieves '26.png
Tiffany Stratton;C:\Users\Ade19\Documents\WWE2K\Profilbilder\Active\WWE\Smackdown\Tiffany Stratton '26.png
Tiger Mask;C:\Users\Ade19\Documents\WWE2K\Profilbilder\Active\NJPW\Tiger Mask '21.png
'Timeless' Toni Storm;C:\Users\Ade19\Documents\WWE2K\Profilbilder\Active\AEW\Dynamite\Toni Storm '25.png
Timothy Thatcher;C:\Users\Ade19\Documents\WWE2K\Profilbilder\Active\WWE\EVOLVE\Timothy Thatcher '25.png
Titán;C:\Users\Ade19\Documents\WWE2K\Profilbilder\Active\NJPW\Titán '23.png
Tito Santana '83;C:\Users\Ade19\Documents\WWE2K\Profilbilder\Archiv\1992\Tito Santana '92.png
Titus Alexander;C:\Users\Ade19\Documents\WWE2K\Profilbilder\Active\NOAH\Titus Alexander '26.png
TJP;C:\Users\Ade19\Documents\WWE2K\Profilbilder\Active\WWE\AAA\TJP '25.png
Toa Liona;C:\Users\Ade19\Documents\WWE2K\Profilbilder\Active\AEW\Dynamite\Toa Liona '25.png
Togi Makabe;C:\Users\Ade19\Documents\WWE2K\Profilbilder\Active\NJPW\Togi Makabe '21.png
Tom Lawlor;C:\Users\Ade19\Documents\WWE2K\Profilbilder\Active\MLW\Tom Lawlor '08.png
Tome Filip;C:\Users\Ade19\Documents\WWE2K\Profilbilder\Active\INDY\Tome Filip '25.png
Tommaso Ciampa;C:\Users\Ade19\Documents\WWE2K\Profilbilder\Active\AEW\Dynamite\Tommaso Ciampa '26.png
Tommy Billington;C:\Users\Ade19\Documents\WWE2K\Profilbilder\Active\AEW\Free\Tommy Billington '25.png
Tommy Dreamer;C:\Users\Ade19\Documents\WWE2K\Profilbilder\Active\TNA\Tommy Dreamer '25.png
Tommy Henry;C:\Users\Ade19\Documents\WWE2K\Profilbilder\Active\NWA\Tommy Henry '26.png
Tommy Rant;C:\Users\Ade19\Documents\WWE2K\Profilbilder\Active\NWA\Tommy Rant '26.png
Tommy Tanner;C:\Users\Ade19\Documents\WWE2K\Profilbilder\Active\INDY\Tommy Tanner '26.png
Tommy Vril;C:\Users\Ade19\Documents\WWE2K\Profilbilder\Active\INDY\Tommy Vril '25.png
Tomoaki Honma;C:\Users\Ade19\Documents\WWE2K\Profilbilder\Active\NJPW\Tomoaki Honma '23.png
Tomohiro Ishii;C:\Users\Ade19\Documents\WWE2K\Profilbilder\Active\NJPW\Tomohiro Ishii '23.png
Tomoka Inaba;C:\Users\Ade19\Documents\WWE2K\Profilbilder\Active\JTO\Tomoka Inaba '25.png
Tomomitsu Matsunaga;C:\Users\Ade19\Documents\WWE2K\Profilbilder\Active\NOAH\Tomomitsu Matsunaga '26.png
Tonga Loa;C:\Users\Ade19\Documents\WWE2K\Profilbilder\Active\WWE\Smackdown\Tonga Loa '24.png
Tony D'Angelo;C:\Users\Ade19\Documents\WWE2K\Profilbilder\Active\WWE\NXT\Tony D'Angelo '26.png
Tony Khan;C:\Users\Ade19\Documents\WWE2K\Profilbilder\Active\AEW\Dynamite\Tony Khan '23.png
Tony Nese;C:\Users\Ade19\Documents\WWE2K\Profilbilder\Active\AEW\ROH\Tony Nese '26.png
Torrie Wilson '03;C:\Users\Ade19\Documents\WWE2K\Profilbilder\Archiv\2003\Torrie Wilson '03.png
Toru Yano;C:\Users\Ade19\Documents\WWE2K\Profilbilder\Active\NJPW\Toru Yano '23.png
Travis Williams;C:\Users\Ade19\Documents\WWE2K\Profilbilder\Active\TNA\Travis Williams '25.png
Trent Beretta;C:\Users\Ade19\Documents\WWE2K\Profilbilder\Active\AEW\Dynamite\Trent Beretta '25.png
Trent Seven;C:\Users\Ade19\Documents\WWE2K\Profilbilder\Active\INDY\Trent Seven '25.png
Trevor Lee;C:\Users\Ade19\Documents\WWE2K\Profilbilder\Active\MLW\Trevor Lee '25.png
Trevor Murdoch;C:\Users\Ade19\Documents\WWE2K\Profilbilder\Active\NWA\Trevor Murdoch '26.png
Trey Miguel;C:\Users\Ade19\Documents\WWE2K\Profilbilder\Active\TNA\Trey Miguel '25.png
Trick Williams;C:\Users\Ade19\Documents\WWE2K\Profilbilder\Active\WWE\Smackdown\Trick Williams '26.png
Trill London;C:\Users\Ade19\Documents\WWE2K\Profilbilder\Active\INDY\Trill London '25.png
Trish Adora;C:\Users\Ade19\Documents\WWE2K\Profilbilder\Active\AEW\ROH\Trish Adora '25.png
Trish Stratus;C:\Users\Ade19\Documents\WWE2K\Profilbilder\Active\WWE\Free\Trish Stratus '23.png
Tristan Angels;C:\Users\Ade19\Documents\WWE2K\Profilbilder\Active\WWE\NXT\Tristan Angels '26.png
Truth Magnum;C:\Users\Ade19\Documents\WWE2K\Profilbilder\Active\AEW\Dynamite\Truth Magnum '25.png
Turbo Floyd;C:\Users\Ade19\Documents\WWE2K\Profilbilder\Active\AEW\Dynamite\Turbo Floyd '25.png
Tyler Bate;C:\Users\Ade19\Documents\WWE2K\Profilbilder\Active\WWE\RAW\Tyler Bate '25.png
Tyler Breeze;C:\Users\Ade19\Documents\WWE2K\Profilbilder\Active\WWE\Free\Tyler Breeze '19.png
Tyler Franks;C:\Users\Ade19\Documents\WWE2K\Profilbilder\Active\NWA\Tyler Franks '26.png
Typhoon '91;C:\Users\Ade19\Documents\WWE2K\Profilbilder\Archiv\1991\Typhoon '91.png
Tyra Mae Steel;C:\Users\Ade19\Documents\WWE2K\Profilbilder\Active\INDY\Tyra Mae Steel '25.png
Tyriek Igwe;C:\Users\Ade19\Documents\WWE2K\Profilbilder\Active\INDY\Tyriek Igwe '24.png
Tyson Dupont;C:\Users\Ade19\Documents\WWE2K\Profilbilder\Active\INDY\Tyson Dupont '24.png
Ulka Sasaki;C:\Users\Ade19\Documents\WWE2K\Profilbilder\Active\NOAH\Ulka Sasaki '26.png
Ultimate Warrior '89;C:\Users\Ade19\Documents\WWE2K\Profilbilder\Archiv\1990\Ultimate Warrior '90.png
Ultimo Dragon;C:\Users\Ade19\Documents\WWE2K\Profilbilder\Active\Dragon Gate\Ultimo Dragon '26.png
Ultimo Guerrero;C:\Users\Ade19\Documents\WWE2K\Profilbilder\Active\NJPW\Ultimo Guerrero '23.png
Umaga '09;C:\Users\Ade19\Documents\WWE2K\Profilbilder\Archiv\2006\Umaga '06.png
Uncle Howdy;C:\Users\Ade19\Documents\WWE2K\Profilbilder\Active\INDY\Uncle Howdy '24.png
Uriah Connors;C:\Users\Ade19\Documents\WWE2K\Profilbilder\Active\WWE\NXT\Uriah Connors '26.png
U-T;C:\Users\Ade19\Documents\WWE2K\Profilbilder\Active\Dragon Gate\U-T '26.png
Utami Hayashishita;C:\Users\Ade19\Documents\WWE2K\Profilbilder\Active\NOAH\Utami Hayashishita '26.png
Vader '96;C:\Users\Ade19\Documents\WWE2K\Profilbilder\Archiv\1996\Vader '96.png
Vampiro;C:\Users\Ade19\Documents\WWE2K\Profilbilder\Active\WWE\AAA\Vampiro '25.png
Veronica Haven;C:\Users\Ade19\Documents\WWE2K\Profilbilder\Active\WWE\ID\Veronica Haven '26.png
Vertvixen;C:\Users\Ade19\Documents\WWE2K\Profilbilder\Active\INDY\Vertvixen '26.png
Vicki Venuto;C:\Users\Ade19\Documents\WWE2K\Profilbilder\Active\INDY\Vicki Venuto '26.png
Victoria '02;C:\Users\Ade19\Documents\WWE2K\Profilbilder\Archiv\2002\Victoria '02.png
Victoria Crawford;C:\Users\Ade19\Documents\WWE2K\Profilbilder\Active\TNA\Victoria Crawford '25.png
Victoria Yuzuki;C:\Users\Ade19\Documents\WWE2K\Profilbilder\Active\Marigold\Victoria Yuzuki '26.png
Viktor Zakov;C:\Users\Ade19\Documents\WWE2K\Profilbilder\Active\WWE\NXT\Aaron Fara '25.png
Vincent;C:\Users\Ade19\Documents\WWE2K\Profilbilder\Active\TNA\Vincent '25.png
Vinnie Massaro;C:\Users\Ade19\Documents\WWE2K\Profilbilder\Active\NOAH\Vinnie Massaro '26.png
Virgil '91;C:\Users\Ade19\Documents\WWE2K\Profilbilder\Archiv\1991\Virgil '91.png
Virus;C:\Users\Ade19\Documents\WWE2K\Profilbilder\Active\CMLL\Virus '25.png
Volador Jr.;C:\Users\Ade19\Documents\WWE2K\Profilbilder\Active\CMLL\Volador Jr. '25.png
Volcano;C:\Users\Ade19\Documents\WWE2K\Profilbilder\Active\CMLL\Volcano '25.png
Wade Barrett '04;C:\Users\Ade19\Documents\WWE2K\Profilbilder\Archiv\2004\Wade Barrett '04.png
Waka Tsukiyama;C:\Users\Ade19\Documents\WWE2K\Profilbilder\Active\STARDOM\Waka Tsukiyama '26.png
Wakana Uehara;C:\Users\Ade19\Documents\WWE2K\Profilbilder\Active\TJPW\Wakana Uehara '25.png
Wardlow;C:\Users\Ade19\Documents\WWE2K\Profilbilder\Active\AEW\Dynamite\Wardlow '25.png
Wendy Choo;C:\Users\Ade19\Documents\WWE2K\Profilbilder\Active\WWE\NXT\Wendy Choo '26.png
Wheeler Yuta;C:\Users\Ade19\Documents\WWE2K\Profilbilder\Active\AEW\ROH\Wheeler Yuta '26.png
Will Kaven;C:\Users\Ade19\Documents\WWE2K\Profilbilder\Active\INDY\Will Kaven '23.png
Will Ospreay;C:\Users\Ade19\Documents\WWE2K\Profilbilder\Active\AEW\Dynamite\Will Ospreay '25.png
William Regal;C:\Users\Ade19\Documents\WWE2K\Profilbilder\Active\WWE\Staff\William Regal '13.png
Willie Mack;C:\Users\Ade19\Documents\WWE2K\Profilbilder\Active\JCW\Willie Mack '22.png
Willow Nightingale;C:\Users\Ade19\Documents\WWE2K\Profilbilder\Active\AEW\Dynamite\Willow Nightingale '25.png
Wolfgang;C:\Users\Ade19\Documents\WWE2K\Profilbilder\Active\MLW\Wolfgang '25.png
'Wreckingball' Legursky;C:\Users\Ade19\Documents\WWE2K\Profilbilder\Active\NWA\'Wreckingball' Legursky '26.png
Wren Sinclair;C:\Users\Ade19\Documents\WWE2K\Profilbilder\Active\WWE\NXT\Wren Sinclair '25.png
Xavier Woods;C:\Users\Ade19\Documents\WWE2K\Profilbilder\Active\WWE\RAW\Xavier Woods '25.png
Xelhua;C:\Users\Ade19\Documents\WWE2K\Profilbilder\Active\CMLL\Xelhua '25.png
Xena;C:\Users\Ade19\Documents\WWE2K\Profilbilder\Active\STARDOM\Xena '26.png
Xia Brookside;C:\Users\Ade19\Documents\WWE2K\Profilbilder\Active\TNA\Xia Brookside '26.png
X-Pac '98;C:\Users\Ade19\Documents\WWE2K\Profilbilder\Archiv\1997\X-Pac '97.png
Xyon;C:\Users\Ade19\Documents\WWE2K\Profilbilder\Active\INDY\Xyon '26.png
YAMATO;C:\Users\Ade19\Documents\WWE2K\Profilbilder\Active\Dragon Gate\YAMATO '26.png
Yasushi Kanda;C:\Users\Ade19\Documents\WWE2K\Profilbilder\Active\Dragon Gate\Yasushi Kanda '26.png
Yasutaka Yano;C:\Users\Ade19\Documents\WWE2K\Profilbilder\Active\AJPW\Yasutaka Yano '26.png
Yayne Harrison;C:\Users\Ade19\Documents\WWE2K\Profilbilder\Active\WWE\ID\Yayne Harrison '25.png
YOH;C:\Users\Ade19\Documents\WWE2K\Profilbilder\Active\NJPW\YOH '26.png
YO-HEY;C:\Users\Ade19\Documents\WWE2K\Profilbilder\Active\NOAH\YO-HEY '26.png
Yokuzuna '92;C:\Users\Ade19\Documents\WWE2K\Profilbilder\Archiv\1993\Yokozuna '93.png
Yoshi Tatsu;C:\Users\Ade19\Documents\WWE2K\Profilbilder\Active\NOAH\Yoshi Tatsu '26.png
YOSHI-HASHI;C:\Users\Ade19\Documents\WWE2K\Profilbilder\Active\NJPW\YOSHI-HASHI '26.png
Yoshiki Inamura;C:\Users\Ade19\Documents\WWE2K\Profilbilder\Active\NOAH\Yoshiki Inamura '26.png
Yoshiki Kato;C:\Users\Ade19\Documents\WWE2K\Profilbilder\Active\Dragon Gate\Yoshiki Kato '26.png
Yoshinobu Kanemaru;C:\Users\Ade19\Documents\WWE2K\Profilbilder\Active\NJPW\Yoshinobu Kanemaru '23.png
Yosuke Santa Maria;C:\Users\Ade19\Documents\WWE2K\Profilbilder\Active\Dragon Gate\Yosuke Santa Maria '26.png
Yota Tsuji;C:\Users\Ade19\Documents\WWE2K\Profilbilder\Active\NJPW\Yota Tsuji '25.png
Yuji Nagata;C:\Users\Ade19\Documents\WWE2K\Profilbilder\Active\NJPW\Yuji Nagata '23.png
Yujiro Takahashi;C:\Users\Ade19\Documents\WWE2K\Profilbilder\Active\NJPW\Yujiro Takahashi '24.png
Yuka Sakazaki;C:\Users\Ade19\Documents\WWE2K\Profilbilder\Active\AEW\Dynamite\Yuka Sakazaki '25.png
Yuki Iino;C:\Users\Ade19\Documents\WWE2K\Profilbilder\Active\DDT\Yuki Iino '26.png
Yuki Kamifuku;C:\Users\Ade19\Documents\WWE2K\Profilbilder\Active\TJPW\Yuki Kamifuku '26.png
Yuki Yoshioka;C:\Users\Ade19\Documents\WWE2K\Profilbilder\Active\Dragon Gate\Yuki Yoshioka '26.png
Yukio Naya;C:\Users\Ade19\Documents\WWE2K\Profilbilder\Active\DDT\Yukio Naya '26.png
Yuma Anzai;C:\Users\Ade19\Documents\WWE2K\Profilbilder\Active\AJPW\Yuma Anzai '26.png
Yuma Aoyagi;C:\Users\Ade19\Documents\WWE2K\Profilbilder\Active\AJPW\Yuma Aoyagi '26.png
Yuna Mizumori;C:\Users\Ade19\Documents\WWE2K\Profilbilder\Active\STARDOM\Yuna Mizumori '26.png
Yuria Hime;C:\Users\Ade19\Documents\WWE2K\Profilbilder\Active\STARDOM\Yuria Hime '25.png
Yusuke Kodama;C:\Users\Ade19\Documents\WWE2K\Profilbilder\Active\INDY\Yusuke Kodama '25.png
Yutani;C:\Users\Ade19\Documents\WWE2K\Profilbilder\Active\INDY\Yutani '25.png
Yuto Kikuchi;C:\Users\Ade19\Documents\WWE2K\Profilbilder\Active\Dotonbori Pro\Yuto Kikuchi '26.png
Yuto Koyanagi;C:\Users\Ade19\Documents\WWE2K\Profilbilder\Active\NOAH\Yuto Koyanagi '26.png
Yuto-Ice;C:\Users\Ade19\Documents\WWE2K\Profilbilder\Active\NJPW\Yuto-Ice '25.png
Yuu;C:\Users\Ade19\Documents\WWE2K\Profilbilder\Active\NOAH\Yuu '26.png
Yuya Uemura;C:\Users\Ade19\Documents\WWE2K\Profilbilder\Active\NJPW\Yuya Uemura '26.png
Zachary Wentz;C:\Users\Ade19\Documents\WWE2K\Profilbilder\Active\AEW\Dynamite\Zachary Wentz '26.png
Zack Gibson;C:\Users\Ade19\Documents\WWE2K\Profilbilder\Active\AEW\Dynamite\Zack Gibson '25.png
Zack Sabre Jr.;C:\Users\Ade19\Documents\WWE2K\Profilbilder\Active\NJPW\Zack Sabre Jr. '25.png
Zamaya;C:\Users\Ade19\Documents\WWE2K\Profilbilder\Active\INDY\Zamaya '25.png
Zandokan Jr.;C:\Users\Ade19\Documents\WWE2K\Profilbilder\Active\CMLL\Zandokan Jr. '24.png
Zane Jay;C:\Users\Ade19\Documents\WWE2K\Profilbilder\Active\NJPW\Zane Jay '26.png
Zaria;C:\Users\Ade19\Documents\WWE2K\Profilbilder\Active\WWE\NXT\Zaria '24.png
Zayda Steel;C:\Users\Ade19\Documents\WWE2K\Profilbilder\Active\AEW\Dynamite\Zayda Steel '26.png
Zelina;C:\Users\Ade19\Documents\WWE2K\Profilbilder\Active\INDY\Zelina '25.png
Zena Sterling;C:\Users\Ade19\Documents\WWE2K\Profilbilder\Active\WWE\EVOLVE\Zena Sterling '25.png
Zephyr;C:\Users\Ade19\Documents\WWE2K\Profilbilder\Active\INDY\Zephyr '25.png
Zeuxis;C:\Users\Ade19\Documents\WWE2K\Profilbilder\Active\INDY\Zeuxis '25.png
Zilla Fatu;C:\Users\Ade19\Documents\WWE2K\Profilbilder\Active\INDY\Zilla Fatu '24.png
Zoe Hines;C:\Users\Ade19\Documents\WWE2K\Profilbilder\Active\WWE\ID\Zoe Hines '26.png
Zoë Sager;C:\Users\Ade19\Documents\WWE2K\Profilbilder\Active\WWE\ID\Zoë Sager '25.png
Zoey Stark;C:\Users\Ade19\Documents\WWE2K\Profilbilder\Active\INDY\Zoey Stark '21.png
Zoltan;C:\Users\Ade19\Documents\WWE2K\Profilbilder\Active\INDY\Zoltan '25.png
Zyon;C:\Users\Ade19\Documents\WWE2K\Profilbilder\Active\NWA\Zyon '26.png
